[INFO] Scanning for projects...
[INFO] 
[INFO] --------------< com.hospital:hospital-management-system >---------------
[INFO] Building hospital-management-system 0.1.0-SNAPSHOT
[INFO]   from pom.xml
[INFO] --------------------------------[ jar ]---------------------------------
[INFO] 
[INFO] >>> spring-boot:3.2.5:run (default-cli) > test-compile @ hospital-management-system >>>
[INFO] 
[INFO] --- resources:3.3.1:resources (default-resources) @ hospital-management-system ---
[INFO] Copying 3 resources from src\main\resources to target\classes
[INFO] Copying 28 resources from src\main\resources to target\classes
[INFO] 
[INFO] --- compiler:3.11.0:compile (default-compile) @ hospital-management-system ---
[INFO] Nothing to compile - all classes are up to date
[INFO] 
[INFO] --- resources:3.3.1:testResources (default-testResources) @ hospital-management-system ---
[INFO] skip non existing resourceDirectory C:\Users\mohda\Downloads\Personal_Learning\Personal_Learning\hospital-management-system\src\test\resources
[INFO] 
[INFO] --- compiler:3.11.0:testCompile (default-testCompile) @ hospital-management-system ---
[INFO] No sources to compile
[INFO] 
[INFO] <<< spring-boot:3.2.5:run (default-cli) < test-compile @ hospital-management-system <<<
[INFO] 
[INFO] 
[INFO] --- spring-boot:3.2.5:run (default-cli) @ hospital-management-system ---
[INFO] Attaching agents: []

  .   ____          _            __ _ _
 /\\ / ___'_ __ _ _(_)_ __  __ _ \ \ \ \
( ( )\___ | '_ | '_| | '_ \/ _` | \ \ \ \
 \\/  ___)| |_)| | | | | || (_| |  ) ) ) )
  '  |____| .__|_| |_|_| |_\__, | / / / /
 =========|_|==============|___/=/_/_/_/
 :: Spring Boot ::                (v3.2.5)

2026-06-16T17:01:04.073+05:30  INFO 39132 --- [hospital-management-system] [  restartedMain] com.hospital.hms.HmsApplication          : Starting HmsApplication using Java 23.0.1 with PID 39132 (C:\Users\mohda\Downloads\Personal_Learning\Personal_Learning\hospital-management-system\target\classes started by mohda in C:\Users\mohda\Downloads\Personal_Learning\Personal_Learning\hospital-management-system)
2026-06-16T17:01:04.076+05:30  INFO 39132 --- [hospital-management-system] [  restartedMain] com.hospital.hms.HmsApplication          : The following 1 profile is active: "demo"
2026-06-16T17:01:04.077+05:30 DEBUG 39132 --- [hospital-management-system] [  restartedMain] o.s.boot.SpringApplication               : Loading source class com.hospital.hms.HmsApplication
2026-06-16T17:01:04.303+05:30 DEBUG 39132 --- [hospital-management-system] [  restartedMain] o.s.b.devtools.restart.ChangeableUrls    : Matching URLs for reloading : [file:/C:/Users/mohda/Downloads/Personal_Learning/Personal_Learning/hospital-management-system/target/classes/]
2026-06-16T17:01:04.305+05:30 DEBUG 39132 --- [hospital-management-system] [  restartedMain] o.s.b.d.settings.DevToolsSettings        : Included patterns for restart : []
2026-06-16T17:01:04.305+05:30 DEBUG 39132 --- [hospital-management-system] [  restartedMain] o.s.b.d.settings.DevToolsSettings        : Excluded patterns for restart : [/spring-boot-starter-[\w-]+/, /spring-boot/(bin|build|out)/, /spring-boot-starter/(bin|build|out)/, /spring-boot-devtools/(bin|build|out)/, /spring-boot-actuator/(bin|build|out)/, /spring-boot-autoconfigure/(bin|build|out)/]
2026-06-16T17:01:04.305+05:30  INFO 39132 --- [hospital-management-system] [  restartedMain] .e.DevToolsPropertyDefaultsPostProcessor : Devtools property defaults active! Set 'spring.devtools.add-properties' to 'false' to disable
2026-06-16T17:01:04.305+05:30  INFO 39132 --- [hospital-management-system] [  restartedMain] .e.DevToolsPropertyDefaultsPostProcessor : For additional web related logging consider setting the 'logging.level.web' property to 'DEBUG'
2026-06-16T17:01:04.306+05:30 DEBUG 39132 --- [hospital-management-system] [  restartedMain] ConfigServletWebServerApplicationContext : Refreshing org.springframework.boot.web.servlet.context.AnnotationConfigServletWebServerApplicationContext@429825f3
2026-06-16T17:01:05.467+05:30  INFO 39132 --- [hospital-management-system] [  restartedMain] .s.d.r.c.RepositoryConfigurationDelegate : Multiple Spring Data modules found, entering strict repository configuration mode
2026-06-16T17:01:05.476+05:30  INFO 39132 --- [hospital-management-system] [  restartedMain] .s.d.r.c.RepositoryConfigurationDelegate : Bootstrapping Spring Data JPA repositories in DEFAULT mode.
2026-06-16T17:01:05.501+05:30 DEBUG 39132 --- [hospital-management-system] [  restartedMain] o.s.b.a.AutoConfigurationPackages        : @EnableAutoConfiguration was declared on a class in the package 'com.hospital.hms'. Automatic @Repository and @Entity scanning is enabled.
2026-06-16T17:01:05.750+05:30  INFO 39132 --- [hospital-management-system] [  restartedMain] .s.d.r.c.RepositoryConfigurationDelegate : Finished Spring Data repository scanning in 263 ms. Found 28 JPA repository interfaces.
2026-06-16T17:01:06.483+05:30  WARN 39132 --- [hospital-management-system] [  restartedMain] c.h.h.c.AvailablePortWebServerCustomizer : Preferred port 8081 was in use; starting on 8082
2026-06-16T17:01:06.638+05:30 DEBUG 39132 --- [hospital-management-system] [  restartedMain] .s.b.w.e.t.TomcatServletWebServerFactory : Code archive: C:\Users\mohda\.m2\repository\org\springframework\boot\spring-boot\3.2.5\spring-boot-3.2.5.jar
2026-06-16T17:01:06.638+05:30 DEBUG 39132 --- [hospital-management-system] [  restartedMain] .s.b.w.e.t.TomcatServletWebServerFactory : Code archive: C:\Users\mohda\.m2\repository\org\springframework\boot\spring-boot\3.2.5\spring-boot-3.2.5.jar
2026-06-16T17:01:06.639+05:30 DEBUG 39132 --- [hospital-management-system] [  restartedMain] .s.b.w.e.t.TomcatServletWebServerFactory : None of the document roots [src/main/webapp, public, static] point to a directory and will be ignored.
2026-06-16T17:01:06.708+05:30  INFO 39132 --- [hospital-management-system] [  restartedMain] o.s.b.w.embedded.tomcat.TomcatWebServer  : Tomcat initialized with port 8082 (http)
2026-06-16T17:01:06.721+05:30  INFO 39132 --- [hospital-management-system] [  restartedMain] o.apache.catalina.core.StandardService   : Starting service [Tomcat]
2026-06-16T17:01:06.721+05:30  INFO 39132 --- [hospital-management-system] [  restartedMain] o.apache.catalina.core.StandardEngine    : Starting Servlet engine: [Apache Tomcat/10.1.20]
2026-06-16T17:01:06.763+05:30  INFO 39132 --- [hospital-management-system] [  restartedMain] o.a.c.c.C.[Tomcat].[localhost].[/]       : Initializing Spring embedded WebApplicationContext
2026-06-16T17:01:06.764+05:30 DEBUG 39132 --- [hospital-management-system] [  restartedMain] w.s.c.ServletWebServerApplicationContext : Published root WebApplicationContext as ServletContext attribute with name [org.springframework.web.context.WebApplicationContext.ROOT]
2026-06-16T17:01:06.766+05:30  INFO 39132 --- [hospital-management-system] [  restartedMain] w.s.c.ServletWebServerApplicationContext : Root WebApplicationContext: initialization completed in 2459 ms
2026-06-16T17:01:06.951+05:30  INFO 39132 --- [hospital-management-system] [  restartedMain] com.zaxxer.hikari.HikariDataSource       : HikariPool-1 - Starting...
2026-06-16T17:01:07.161+05:30  INFO 39132 --- [hospital-management-system] [  restartedMain] com.zaxxer.hikari.pool.HikariPool        : HikariPool-1 - Added connection conn0: url=jdbc:h2:mem:hmsdemo user=SA
2026-06-16T17:01:07.172+05:30  INFO 39132 --- [hospital-management-system] [  restartedMain] com.zaxxer.hikari.HikariDataSource       : HikariPool-1 - Start completed.
2026-06-16T17:01:07.204+05:30  INFO 39132 --- [hospital-management-system] [  restartedMain] o.s.b.a.h2.H2ConsoleAutoConfiguration    : H2 console available at '/h2-console'. Database available at 'jdbc:h2:mem:hmsdemo'
2026-06-16T17:01:07.302+05:30 DEBUG 39132 --- [hospital-management-system] [  restartedMain] o.s.b.w.s.ServletContextInitializerBeans : Mapping filters: webMvcObservationFilter urls=[/*] order=-2147483647, characterEncodingFilter urls=[/*] order=-2147483648, formContentFilter urls=[/*] order=-9900, requestContextFilter urls=[/*] order=-105
2026-06-16T17:01:07.303+05:30 DEBUG 39132 --- [hospital-management-system] [  restartedMain] o.s.b.w.s.ServletContextInitializerBeans : Mapping servlets: dispatcherServlet urls=[/], h2Console urls=[/h2-console/*]
2026-06-16T17:01:07.324+05:30 DEBUG 39132 --- [hospital-management-system] [  restartedMain] o.s.b.w.s.f.OrderedRequestContextFilter  : Filter 'requestContextFilter' configured for use
2026-06-16T17:01:07.327+05:30 DEBUG 39132 --- [hospital-management-system] [  restartedMain] o.s.w.f.ServerHttpObservationFilter      : Filter 'webMvcObservationFilter' configured for use
2026-06-16T17:01:07.328+05:30 DEBUG 39132 --- [hospital-management-system] [  restartedMain] s.b.w.s.f.OrderedCharacterEncodingFilter : Filter 'characterEncodingFilter' configured for use
2026-06-16T17:01:07.328+05:30 DEBUG 39132 --- [hospital-management-system] [  restartedMain] o.s.b.w.s.f.OrderedFormContentFilter     : Filter 'formContentFilter' configured for use
2026-06-16T17:01:07.423+05:30  INFO 39132 --- [hospital-management-system] [  restartedMain] o.hibernate.jpa.internal.util.LogHelper  : HHH000204: Processing PersistenceUnitInfo [name: default]
2026-06-16T17:01:07.474+05:30  INFO 39132 --- [hospital-management-system] [  restartedMain] org.hibernate.Version                    : HHH000412: Hibernate ORM core version 6.4.4.Final
2026-06-16T17:01:07.500+05:30  INFO 39132 --- [hospital-management-system] [  restartedMain] o.h.c.internal.RegionFactoryInitiator    : HHH000026: Second-level cache disabled
2026-06-16T17:01:07.744+05:30  INFO 39132 --- [hospital-management-system] [  restartedMain] o.s.o.j.p.SpringPersistenceUnitInfo      : No LoadTimeWeaver setup: ignoring JPA class transformer
2026-06-16T17:01:07.822+05:30  WARN 39132 --- [hospital-management-system] [  restartedMain] org.hibernate.orm.deprecation            : HHH90000025: H2Dialect does not need to be specified explicitly using 'hibernate.dialect' (remove the property setting and it will be selected by default)
2026-06-16T17:01:09.212+05:30  INFO 39132 --- [hospital-management-system] [  restartedMain] o.h.e.t.j.p.i.JtaPlatformInitiator       : HHH000489: No JTA platform available (set 'hibernate.transaction.jta.platform' to enable JTA platform integration)
2026-06-16T17:01:09.261+05:30 DEBUG 39132 --- [hospital-management-system] [  restartedMain] org.hibernate.SQL                        : 
    create table admissions (
        id bigint generated by default as identity,
        admission_type varchar(64) not null,
        admitted_at timestamp(6) with time zone not null,
        created_at timestamp(6) with time zone not null,
        deleted_at timestamp(6) with time zone,
        discharged_at timestamp(6) with time zone,
        updated_at timestamp(6) with time zone not null,
        bed_id bigint not null,
        patient_user_id bigint not null,
        primary key (id)
    )
2026-06-16T17:01:09.275+05:30 DEBUG 39132 --- [hospital-management-system] [  restartedMain] org.hibernate.SQL                        : 
    create table appointments (
        id bigint generated by default as identity,
        booking_channel varchar(32) not null check (booking_channel in ('ONLINE','OFFLINE','ON_CALL')),
        consultation_fee numeric(12,2) not null,
        created_at timestamp(6) with time zone not null,
        deleted_at timestamp(6) with time zone,
        notes varchar(512),
        scheduled_at timestamp(6) with time zone not null,
        scheduled_local_date date,
        status varchar(32) not null check (status in ('PENDING_PAYMENT','CONFIRMED','CANCELLED','COMPLETED')),
        updated_at timestamp(6) with time zone not null,
        booked_by_user_id bigint not null,
        patient_user_id bigint not null,
        primary key (id)
    )
2026-06-16T17:01:09.281+05:30 DEBUG 39132 --- [hospital-management-system] [  restartedMain] org.hibernate.SQL                        : 
    create table attendance_logs (
        id bigint generated by default as identity,
        approved_at timestamp(6) with time zone,
        check_in timestamp(6) with time zone,
        check_out timestamp(6) with time zone,
        created_at timestamp(6) with time zone not null,
        day_status varchar(32) not null check (day_status in ('PRESENT','ABSENT','LATE','HALF_DAY','ON_LEAVE')),
        deleted_at timestamp(6) with time zone,
        log_date date not null,
        remarks varchar(512),
        shift_code varchar(32),
        work_location varchar(255),
        approved_by_user_id bigint,
        staff_user_id bigint not null,
        primary key (id)
    )
2026-06-16T17:01:09.284+05:30 DEBUG 39132 --- [hospital-management-system] [  restartedMain] org.hibernate.SQL                        : 
    create table audit_logs (
        id bigint generated by default as identity,
        client_ip varchar(64),
        created_at timestamp(6) with time zone not null,
        detail varchar(512),
        http_method varchar(16) not null,
        request_uri varchar(512) not null,
        response_status integer not null,
        user_id bigint,
        username varchar(128),
        primary key (id)
    )
2026-06-16T17:01:09.286+05:30 DEBUG 39132 --- [hospital-management-system] [  restartedMain] org.hibernate.SQL                        : 
    create table beds (
        id bigint generated by default as identity,
        bed_code varchar(64) not null,
        created_at timestamp(6) with time zone not null,
        deleted_at timestamp(6) with time zone,
        status varchar(32) not null check (status in ('AVAILABLE','OCCUPIED')),
        updated_at timestamp(6) with time zone not null,
        ward_id bigint not null,
        primary key (id)
    )
2026-06-16T17:01:09.288+05:30 DEBUG 39132 --- [hospital-management-system] [  restartedMain] org.hibernate.SQL                        : 
    create table bills (
        id bigint generated by default as identity,
        amount numeric(12,2) not null,
        business_date date,
        created_at timestamp(6) with time zone not null,
        deleted_at timestamp(6) with time zone,
        gst_invoice boolean not null,
        reference_id bigint,
        reference_type varchar(64) not null,
        status varchar(32) not null check (status in ('OPEN','PAID','CANCELLED')),
        tax_amount numeric(12,2) not null,
        total_amount numeric(12,2) not null,
        updated_at timestamp(6) with time zone not null,
        patient_user_id bigint not null,
        primary key (id)
    )
2026-06-16T17:01:09.290+05:30 DEBUG 39132 --- [hospital-management-system] [  restartedMain] org.hibernate.SQL                        : 
    create table canteen_menu_items (
        id bigint generated by default as identity,
        available boolean not null,
        created_at timestamp(6) with time zone not null,
        deleted_at timestamp(6) with time zone,
        description varchar(512),
        name varchar(255) not null,
        price numeric(12,2) not null,
        updated_at timestamp(6) with time zone not null,
        primary key (id)
    )
2026-06-16T17:01:09.292+05:30 DEBUG 39132 --- [hospital-management-system] [  restartedMain] org.hibernate.SQL                        : 
    create table canteen_order_lines (
        id bigint generated by default as identity,
        created_at timestamp(6) with time zone not null,
        deleted_at timestamp(6) with time zone,
        quantity integer not null,
        unit_price numeric(12,2) not null,
        menu_item_id bigint not null,
        order_id bigint not null,
        primary key (id)
    )
2026-06-16T17:01:09.294+05:30 DEBUG 39132 --- [hospital-management-system] [  restartedMain] org.hibernate.SQL                        : 
    create table canteen_orders (
        id bigint generated by default as identity,
        created_at timestamp(6) with time zone not null,
        deleted_at timestamp(6) with time zone,
        payment_status varchar(32) not null,
        status varchar(32) not null,
        total_amount numeric(12,2) not null,
        updated_at timestamp(6) with time zone not null,
        placed_by_user_id bigint not null,
        primary key (id)
    )
2026-06-16T17:01:09.295+05:30 DEBUG 39132 --- [hospital-management-system] [  restartedMain] org.hibernate.SQL                        : 
    create table leave_requests (
        id bigint generated by default as identity,
        created_at timestamp(6) with time zone not null,
        decided_at timestamp(6) with time zone,
        deleted_at timestamp(6) with time zone,
        end_date date not null,
        reason varchar(512),
        start_date date not null,
        status varchar(32) not null check (status in ('PENDING','APPROVED','REJECTED')),
        updated_at timestamp(6) with time zone not null,
        decided_by_user_id bigint,
        staff_user_id bigint not null,
        primary key (id)
    )
2026-06-16T17:01:09.299+05:30 DEBUG 39132 --- [hospital-management-system] [  restartedMain] org.hibernate.SQL                        : 
    create table medical_waste_logs (
        id bigint generated by default as identity,
        category_code varchar(64) not null,
        cbwtf_manifest_number varchar(128),
        created_at timestamp(6) with time zone not null,
        deleted_at timestamp(6) with time zone,
        description varchar(512),
        handed_over_to_authorised_agent boolean not null,
        incident_notes varchar(1024),
        quantity_unit varchar(32) not null,
        quantity_value numeric(12,4) not null,
        recorded_at timestamp(6) with time zone not null,
        segregation_status varchar(64) not null,
        storage_location varchar(255),
        recorded_by_user_id bigint not null,
        primary key (id)
    )
2026-06-16T17:01:09.301+05:30 DEBUG 39132 --- [hospital-management-system] [  restartedMain] org.hibernate.SQL                        : 
    create table misc_expenses (
        id bigint generated by default as identity,
        amount numeric(12,2) not null,
        category varchar(128) not null,
        created_at timestamp(6) with time zone not null,
        deleted_at timestamp(6) with time zone,
        description varchar(1024),
        expense_date date not null,
        updated_at timestamp(6) with time zone not null,
        recorded_by_user_id bigint not null,
        vendor_id bigint,
        primary key (id)
    )
2026-06-16T17:01:09.303+05:30 DEBUG 39132 --- [hospital-management-system] [  restartedMain] org.hibernate.SQL                        : 
    create table patient_documents (
        id bigint generated by default as identity,
        created_at timestamp(6) with time zone not null,
        deleted_at timestamp(6) with time zone,
        doc_type varchar(64) not null,
        storage_uri varchar(1024) not null,
        title varchar(255) not null,
        patient_user_id bigint not null,
        primary key (id)
    )
2026-06-16T17:01:09.307+05:30 DEBUG 39132 --- [hospital-management-system] [  restartedMain] org.hibernate.SQL                        : 
    create table patient_profiles (
        id bigint generated by default as identity,
        blood_group varchar(8),
        created_at timestamp(6) with time zone not null,
        deleted_at timestamp(6) with time zone,
        mrn varchar(32) not null,
        updated_at timestamp(6) with time zone not null,
        user_id bigint not null,
        primary key (id)
    )
2026-06-16T17:01:09.309+05:30 DEBUG 39132 --- [hospital-management-system] [  restartedMain] org.hibernate.SQL                        : 
    create table payments (
        id bigint generated by default as identity,
        amount numeric(12,2) not null,
        business_date date,
        created_at timestamp(6) with time zone not null,
        deleted_at timestamp(6) with time zone,
        external_ref varchar(255),
        mode varchar(32) not null check (mode in ('ONLINE','OFFLINE')),
        bill_id bigint not null,
        received_by_user_id bigint,
        primary key (id)
    )
2026-06-16T17:01:09.311+05:30 DEBUG 39132 --- [hospital-management-system] [  restartedMain] org.hibernate.SQL                        : 
    create table payroll_components (
        id bigint generated by default as identity,
        code varchar(64) not null,
        component_kind varchar(32) not null check (component_kind in ('EARNING','DEDUCTION','BENEFIT')),
        created_at timestamp(6) with time zone not null,
        deleted_at timestamp(6) with time zone,
        name varchar(255) not null,
        taxable boolean not null,
        updated_at timestamp(6) with time zone not null,
        primary key (id)
    )
2026-06-16T17:01:09.312+05:30 DEBUG 39132 --- [hospital-management-system] [  restartedMain] org.hibernate.SQL                        : 
    create table payroll_lines (
        id bigint generated by default as identity,
        amount numeric(12,2) not null,
        created_at timestamp(6) with time zone not null,
        deleted_at timestamp(6) with time zone,
        payroll_component_id bigint not null,
        payroll_run_id bigint not null,
        staff_user_id bigint not null,
        primary key (id)
    )
2026-06-16T17:01:09.313+05:30 DEBUG 39132 --- [hospital-management-system] [  restartedMain] org.hibernate.SQL                        : 
    create table payroll_runs (
        id bigint generated by default as identity,
        created_at timestamp(6) with time zone not null,
        deleted_at timestamp(6) with time zone,
        finalized_at timestamp(6) with time zone,
        period_month integer not null,
        period_year integer not null,
        status varchar(32) not null check (status in ('DRAFT','FINALIZED')),
        updated_at timestamp(6) with time zone not null,
        created_by_user_id bigint,
        primary key (id)
    )
2026-06-16T17:01:09.315+05:30 DEBUG 39132 --- [hospital-management-system] [  restartedMain] org.hibernate.SQL                        : 
    create table pharmacy_line_fulfillments (
        id bigint generated by default as identity,
        created_at timestamp(6) with time zone not null,
        deleted_at timestamp(6) with time zone,
        dispensed_at timestamp(6) with time zone,
        status varchar(32) not null check (status in ('PENDING','DECLINED','DISPENSED')),
        updated_at timestamp(6) with time zone not null,
        bill_id bigint,
        pharmacist_user_id bigint,
        prescription_line_id bigint not null,
        primary key (id)
    )
2026-06-16T17:01:09.317+05:30 DEBUG 39132 --- [hospital-management-system] [  restartedMain] org.hibernate.SQL                        : 
    create table prescription_lines (
        id bigint generated by default as identity,
        created_at timestamp(6) with time zone not null,
        deleted_at timestamp(6) with time zone,
        dosage varchar(128) not null,
        duration_days integer not null,
        frequency varchar(128) not null,
        medicine_name varchar(255) not null,
        unit_price numeric(12,2) not null,
        prescription_id bigint not null,
        primary key (id)
    )
2026-06-16T17:01:09.319+05:30 DEBUG 39132 --- [hospital-management-system] [  restartedMain] org.hibernate.SQL                        : 
    create table prescriptions (
        id bigint generated by default as identity,
        created_at timestamp(6) with time zone not null,
        deleted_at timestamp(6) with time zone,
        instructions varchar(1024),
        pharmacy_opt_in boolean not null,
        pharmacy_opt_in_at timestamp(6) with time zone,
        printed_at timestamp(6) with time zone,
        updated_at timestamp(6) with time zone not null,
        visit_id bigint not null,
        primary key (id)
    )
2026-06-16T17:01:09.320+05:30 DEBUG 39132 --- [hospital-management-system] [  restartedMain] org.hibernate.SQL                        : 
    create table roles (
        id bigint generated by default as identity,
        created_at timestamp(6) with time zone not null,
        deleted_at timestamp(6) with time zone,
        name varchar(64) not null,
        updated_at timestamp(6) with time zone not null,
        primary key (id)
    )
2026-06-16T17:01:09.321+05:30 DEBUG 39132 --- [hospital-management-system] [  restartedMain] org.hibernate.SQL                        : 
    create table staff_salary_assignments (
        id bigint generated by default as identity,
        amount_monthly numeric(12,2) not null,
        created_at timestamp(6) with time zone not null,
        deleted_at timestamp(6) with time zone,
        effective_from date not null,
        effective_to date,
        updated_at timestamp(6) with time zone not null,
        payroll_component_id bigint not null,
        staff_user_id bigint not null,
        primary key (id)
    )
2026-06-16T17:01:09.323+05:30 DEBUG 39132 --- [hospital-management-system] [  restartedMain] org.hibernate.SQL                        : 
    create table user_roles (
        created_at timestamp(6) with time zone not null,
        deleted_at timestamp(6) with time zone,
        role_id bigint not null,
        user_id bigint not null,
        primary key (role_id, user_id)
    )
2026-06-16T17:01:09.325+05:30 DEBUG 39132 --- [hospital-management-system] [  restartedMain] org.hibernate.SQL                        : 
    create table users (
        id bigint generated by default as identity,
        active boolean not null,
        created_at timestamp(6) with time zone not null,
        deleted_at timestamp(6) with time zone,
        email varchar(255) not null,
        full_name varchar(255) not null,
        name_bucket varchar(1) not null,
        password_hash varchar(255) not null,
        phone varchar(32),
        revoked_at timestamp(6) with time zone,
        sort_name_norm varchar(255) not null,
        suspended boolean not null,
        updated_at timestamp(6) with time zone not null,
        username varchar(128) not null,
        primary key (id)
    )
2026-06-16T17:01:09.326+05:30 DEBUG 39132 --- [hospital-management-system] [  restartedMain] org.hibernate.SQL                        : 
    create table vendors (
        id bigint generated by default as identity,
        active boolean not null,
        address varchar(1024),
        contact_person varchar(255),
        created_at timestamp(6) with time zone not null,
        deleted_at timestamp(6) with time zone,
        email varchar(255),
        gstin varchar(32),
        legal_name varchar(255) not null,
        pan varchar(20),
        party_type varchar(32) not null check (party_type in ('SUPPLIER','SERVICE_VENDOR','BOTH')),
        payment_terms_days integer not null,
        phone varchar(32),
        trade_name varchar(255),
        updated_at timestamp(6) with time zone not null,
        primary key (id)
    )
2026-06-16T17:01:09.328+05:30 DEBUG 39132 --- [hospital-management-system] [  restartedMain] org.hibernate.SQL                        : 
    create table visits (
        id bigint generated by default as identity,
        checked_in_at timestamp(6) with time zone,
        completed_at timestamp(6) with time zone,
        created_at timestamp(6) with time zone not null,
        deleted_at timestamp(6) with time zone,
        status varchar(32) not null check (status in ('CHECKED_IN','IN_PROGRESS','COMPLETED')),
        updated_at timestamp(6) with time zone not null,
        appointment_id bigint not null,
        assistant_user_id bigint,
        doctor_user_id bigint not null,
        primary key (id)
    )
2026-06-16T17:01:09.331+05:30 DEBUG 39132 --- [hospital-management-system] [  restartedMain] org.hibernate.SQL                        : 
    create table wards (
        id bigint generated by default as identity,
        bed_type varchar(64) not null,
        created_at timestamp(6) with time zone not null,
        deleted_at timestamp(6) with time zone,
        name varchar(128) not null,
        updated_at timestamp(6) with time zone not null,
        primary key (id)
    )
2026-06-16T17:01:09.335+05:30 DEBUG 39132 --- [hospital-management-system] [  restartedMain] org.hibernate.SQL                        : 
    alter table if exists patient_profiles 
       drop constraint if exists UK_p33q81w6y670n23vn7nt92eg7
2026-06-16T17:01:09.337+05:30 DEBUG 39132 --- [hospital-management-system] [  restartedMain] org.hibernate.SQL                        : 
    alter table if exists patient_profiles 
       add constraint UK_p33q81w6y670n23vn7nt92eg7 unique (mrn)
2026-06-16T17:01:09.338+05:30 DEBUG 39132 --- [hospital-management-system] [  restartedMain] org.hibernate.SQL                        : 
    alter table if exists patient_profiles 
       drop constraint if exists UK_m1vq601k5agscsnei45j7bcv1
2026-06-16T17:01:09.339+05:30 DEBUG 39132 --- [hospital-management-system] [  restartedMain] org.hibernate.SQL                        : 
    alter table if exists patient_profiles 
       add constraint UK_m1vq601k5agscsnei45j7bcv1 unique (user_id)
2026-06-16T17:01:09.340+05:30 DEBUG 39132 --- [hospital-management-system] [  restartedMain] org.hibernate.SQL                        : 
    alter table if exists payroll_components 
       drop constraint if exists UK_rq8cq0ejb50svfb89r4vy13we
2026-06-16T17:01:09.341+05:30 DEBUG 39132 --- [hospital-management-system] [  restartedMain] org.hibernate.SQL                        : 
    alter table if exists payroll_components 
       add constraint UK_rq8cq0ejb50svfb89r4vy13we unique (code)
2026-06-16T17:01:09.341+05:30 DEBUG 39132 --- [hospital-management-system] [  restartedMain] org.hibernate.SQL                        : 
    alter table if exists pharmacy_line_fulfillments 
       drop constraint if exists UK_pvutqj6wqsadka3262slwxu5q
2026-06-16T17:01:09.342+05:30 DEBUG 39132 --- [hospital-management-system] [  restartedMain] org.hibernate.SQL                        : 
    alter table if exists pharmacy_line_fulfillments 
       add constraint UK_pvutqj6wqsadka3262slwxu5q unique (prescription_line_id)
2026-06-16T17:01:09.342+05:30 DEBUG 39132 --- [hospital-management-system] [  restartedMain] org.hibernate.SQL                        : 
    alter table if exists prescriptions 
       drop constraint if exists UK_8t0vxuw9x5pdlgbn9xblv4m1l
2026-06-16T17:01:09.343+05:30 DEBUG 39132 --- [hospital-management-system] [  restartedMain] org.hibernate.SQL                        : 
    alter table if exists prescriptions 
       add constraint UK_8t0vxuw9x5pdlgbn9xblv4m1l unique (visit_id)
2026-06-16T17:01:09.344+05:30 DEBUG 39132 --- [hospital-management-system] [  restartedMain] org.hibernate.SQL                        : 
    alter table if exists roles 
       drop constraint if exists UK_ofx66keruapi6vyqpv6f2or37
2026-06-16T17:01:09.344+05:30 DEBUG 39132 --- [hospital-management-system] [  restartedMain] org.hibernate.SQL                        : 
    alter table if exists roles 
       add constraint UK_ofx66keruapi6vyqpv6f2or37 unique (name)
2026-06-16T17:01:09.345+05:30 DEBUG 39132 --- [hospital-management-system] [  restartedMain] org.hibernate.SQL                        : 
    alter table if exists users 
       drop constraint if exists UK_r43af9ap4edm43mmtq01oddj6
2026-06-16T17:01:09.345+05:30 DEBUG 39132 --- [hospital-management-system] [  restartedMain] org.hibernate.SQL                        : 
    alter table if exists users 
       add constraint UK_r43af9ap4edm43mmtq01oddj6 unique (username)
2026-06-16T17:01:09.346+05:30 DEBUG 39132 --- [hospital-management-system] [  restartedMain] org.hibernate.SQL                        : 
    alter table if exists visits 
       drop constraint if exists UK_73yxi7qscoj1sv4tb5bqwdbs3
2026-06-16T17:01:09.346+05:30 DEBUG 39132 --- [hospital-management-system] [  restartedMain] org.hibernate.SQL                        : 
    alter table if exists visits 
       add constraint UK_73yxi7qscoj1sv4tb5bqwdbs3 unique (appointment_id)
2026-06-16T17:01:09.348+05:30 DEBUG 39132 --- [hospital-management-system] [  restartedMain] org.hibernate.SQL                        : 
    alter table if exists admissions 
       add constraint FKbge98m8vnmk3fvlh1p9ljnmnm 
       foreign key (bed_id) 
       references beds
2026-06-16T17:01:09.353+05:30 DEBUG 39132 --- [hospital-management-system] [  restartedMain] org.hibernate.SQL                        : 
    alter table if exists admissions 
       add constraint FKr601f4duw9dyp5wln885u98xr 
       foreign key (patient_user_id) 
       references users
2026-06-16T17:01:09.355+05:30 DEBUG 39132 --- [hospital-management-system] [  restartedMain] org.hibernate.SQL                        : 
    alter table if exists appointments 
       add constraint FKf6rtuin0p15g7ombyn6offovh 
       foreign key (booked_by_user_id) 
       references users
2026-06-16T17:01:09.356+05:30 DEBUG 39132 --- [hospital-management-system] [  restartedMain] org.hibernate.SQL                        : 
    alter table if exists appointments 
       add constraint FKsvnkjcycyc8v0jeh1vklfsmm8 
       foreign key (patient_user_id) 
       references users
2026-06-16T17:01:09.357+05:30 DEBUG 39132 --- [hospital-management-system] [  restartedMain] org.hibernate.SQL                        : 
    alter table if exists attendance_logs 
       add constraint FK9injsfm5bgh2vry9qoeg7rq2j 
       foreign key (approved_by_user_id) 
       references users
2026-06-16T17:01:09.359+05:30 DEBUG 39132 --- [hospital-management-system] [  restartedMain] org.hibernate.SQL                        : 
    alter table if exists attendance_logs 
       add constraint FKli22f9s8uwbhw38pi0yx3a3ih 
       foreign key (staff_user_id) 
       references users
2026-06-16T17:01:09.360+05:30 DEBUG 39132 --- [hospital-management-system] [  restartedMain] org.hibernate.SQL                        : 
    alter table if exists beds 
       add constraint FKccoswfceny9biqfp1jkcpcrqy 
       foreign key (ward_id) 
       references wards
2026-06-16T17:01:09.361+05:30 DEBUG 39132 --- [hospital-management-system] [  restartedMain] org.hibernate.SQL                        : 
    alter table if exists bills 
       add constraint FKesyas04w29ydm9d3c5uqgc2l2 
       foreign key (patient_user_id) 
       references users
2026-06-16T17:01:09.362+05:30 DEBUG 39132 --- [hospital-management-system] [  restartedMain] org.hibernate.SQL                        : 
    alter table if exists canteen_order_lines 
       add constraint FK9yn3w55niww8rfnymvtff74nn 
       foreign key (menu_item_id) 
       references canteen_menu_items
2026-06-16T17:01:09.363+05:30 DEBUG 39132 --- [hospital-management-system] [  restartedMain] org.hibernate.SQL                        : 
    alter table if exists canteen_order_lines 
       add constraint FKtkyo3itshmgvk4yunxynlv4ju 
       foreign key (order_id) 
       references canteen_orders
2026-06-16T17:01:09.364+05:30 DEBUG 39132 --- [hospital-management-system] [  restartedMain] org.hibernate.SQL                        : 
    alter table if exists canteen_orders 
       add constraint FKcs807ogy2hfir74j1itelqypy 
       foreign key (placed_by_user_id) 
       references users
2026-06-16T17:01:09.366+05:30 DEBUG 39132 --- [hospital-management-system] [  restartedMain] org.hibernate.SQL                        : 
    alter table if exists leave_requests 
       add constraint FKm2go92gkl83uaxs7r2h1s35tc 
       foreign key (decided_by_user_id) 
       references users
2026-06-16T17:01:09.367+05:30 DEBUG 39132 --- [hospital-management-system] [  restartedMain] org.hibernate.SQL                        : 
    alter table if exists leave_requests 
       add constraint FKrvkcrgk1bd0m1pipfl79n6gpe 
       foreign key (staff_user_id) 
       references users
2026-06-16T17:01:09.368+05:30 DEBUG 39132 --- [hospital-management-system] [  restartedMain] org.hibernate.SQL                        : 
    alter table if exists medical_waste_logs 
       add constraint FK62c01gi21iu8xkd3nhb6a5iry 
       foreign key (recorded_by_user_id) 
       references users
2026-06-16T17:01:09.370+05:30 DEBUG 39132 --- [hospital-management-system] [  restartedMain] org.hibernate.SQL                        : 
    alter table if exists misc_expenses 
       add constraint FKl6hf5s88hc4622qq2j3pndiv8 
       foreign key (recorded_by_user_id) 
       references users
2026-06-16T17:01:09.371+05:30 DEBUG 39132 --- [hospital-management-system] [  restartedMain] org.hibernate.SQL                        : 
    alter table if exists misc_expenses 
       add constraint FK6mj851piyd58wpxa4rpe37cib 
       foreign key (vendor_id) 
       references vendors
2026-06-16T17:01:09.373+05:30 DEBUG 39132 --- [hospital-management-system] [  restartedMain] org.hibernate.SQL                        : 
    alter table if exists patient_documents 
       add constraint FKq3x12hf64otqvcccwsdbm9864 
       foreign key (patient_user_id) 
       references users
2026-06-16T17:01:09.374+05:30 DEBUG 39132 --- [hospital-management-system] [  restartedMain] org.hibernate.SQL                        : 
    alter table if exists patient_profiles 
       add constraint FK48bdvcabhgaa1bqphn9jijwn2 
       foreign key (user_id) 
       references users
2026-06-16T17:01:09.375+05:30 DEBUG 39132 --- [hospital-management-system] [  restartedMain] org.hibernate.SQL                        : 
    alter table if exists payments 
       add constraint FK9565r6579khpdjxnyla0l2ycd 
       foreign key (bill_id) 
       references bills
2026-06-16T17:01:09.376+05:30 DEBUG 39132 --- [hospital-management-system] [  restartedMain] org.hibernate.SQL                        : 
    alter table if exists payments 
       add constraint FKedhyygrjhr9ujnok7dnj251ut 
       foreign key (received_by_user_id) 
       references users
2026-06-16T17:01:09.377+05:30 DEBUG 39132 --- [hospital-management-system] [  restartedMain] org.hibernate.SQL                        : 
    alter table if exists payroll_lines 
       add constraint FKg2dr3dph38dskgiloln6c9xs8 
       foreign key (payroll_component_id) 
       references payroll_components
2026-06-16T17:01:09.378+05:30 DEBUG 39132 --- [hospital-management-system] [  restartedMain] org.hibernate.SQL                        : 
    alter table if exists payroll_lines 
       add constraint FKn3xody1w5nx9y31n8d0or4a30 
       foreign key (payroll_run_id) 
       references payroll_runs
2026-06-16T17:01:09.379+05:30 DEBUG 39132 --- [hospital-management-system] [  restartedMain] org.hibernate.SQL                        : 
    alter table if exists payroll_lines 
       add constraint FKbbys8k0mqc2p8rs0trjnr7sfx 
       foreign key (staff_user_id) 
       references users
2026-06-16T17:01:09.380+05:30 DEBUG 39132 --- [hospital-management-system] [  restartedMain] org.hibernate.SQL                        : 
    alter table if exists payroll_runs 
       add constraint FKktq8wte21qe60gejuwvfldued 
       foreign key (created_by_user_id) 
       references users
2026-06-16T17:01:09.382+05:30 DEBUG 39132 --- [hospital-management-system] [  restartedMain] org.hibernate.SQL                        : 
    alter table if exists pharmacy_line_fulfillments 
       add constraint FKk04n6pv3x39ft0ak6860lluio 
       foreign key (bill_id) 
       references bills
2026-06-16T17:01:09.383+05:30 DEBUG 39132 --- [hospital-management-system] [  restartedMain] org.hibernate.SQL                        : 
    alter table if exists pharmacy_line_fulfillments 
       add constraint FK64ybu5w5xjafq3p6707a2hmfg 
       foreign key (pharmacist_user_id) 
       references users
2026-06-16T17:01:09.385+05:30 DEBUG 39132 --- [hospital-management-system] [  restartedMain] org.hibernate.SQL                        : 
    alter table if exists pharmacy_line_fulfillments 
       add constraint FKnx95ulep5m1w7fvw36wjaw8dw 
       foreign key (prescription_line_id) 
       references prescription_lines
2026-06-16T17:01:09.386+05:30 DEBUG 39132 --- [hospital-management-system] [  restartedMain] org.hibernate.SQL                        : 
    alter table if exists prescription_lines 
       add constraint FKgfrj927wwxxow89rjkyu84gj3 
       foreign key (prescription_id) 
       references prescriptions
2026-06-16T17:01:09.387+05:30 DEBUG 39132 --- [hospital-management-system] [  restartedMain] org.hibernate.SQL                        : 
    alter table if exists prescriptions 
       add constraint FK8imtu9j8v5mp4rqmtrcx6hud8 
       foreign key (visit_id) 
       references visits
2026-06-16T17:01:09.388+05:30 DEBUG 39132 --- [hospital-management-system] [  restartedMain] org.hibernate.SQL                        : 
    alter table if exists staff_salary_assignments 
       add constraint FK54qy5w5gmgjjt9kjdsq3bh2g3 
       foreign key (payroll_component_id) 
       references payroll_components
2026-06-16T17:01:09.389+05:30 DEBUG 39132 --- [hospital-management-system] [  restartedMain] org.hibernate.SQL                        : 
    alter table if exists staff_salary_assignments 
       add constraint FKo8ov9e4afpmxqfksuwnotsof8 
       foreign key (staff_user_id) 
       references users
2026-06-16T17:01:09.390+05:30 DEBUG 39132 --- [hospital-management-system] [  restartedMain] org.hibernate.SQL                        : 
    alter table if exists user_roles 
       add constraint FKh8ciramu9cc9q3qcqiv4ue8a6 
       foreign key (role_id) 
       references roles
2026-06-16T17:01:09.391+05:30 DEBUG 39132 --- [hospital-management-system] [  restartedMain] org.hibernate.SQL                        : 
    alter table if exists user_roles 
       add constraint FKhfh9dx7w3ubf1co1vdev94g3f 
       foreign key (user_id) 
       references users
2026-06-16T17:01:09.392+05:30 DEBUG 39132 --- [hospital-management-system] [  restartedMain] org.hibernate.SQL                        : 
    alter table if exists visits 
       add constraint FKfpy5talf3e95w9iie6gr8emsy 
       foreign key (appointment_id) 
       references appointments
2026-06-16T17:01:09.393+05:30 DEBUG 39132 --- [hospital-management-system] [  restartedMain] org.hibernate.SQL                        : 
    alter table if exists visits 
       add constraint FKk7mmddrti51d48boajclof5rn 
       foreign key (assistant_user_id) 
       references users
2026-06-16T17:01:09.394+05:30 DEBUG 39132 --- [hospital-management-system] [  restartedMain] org.hibernate.SQL                        : 
    alter table if exists visits 
       add constraint FKfthh8j5ldd1syaoju6gueweus 
       foreign key (doctor_user_id) 
       references users
2026-06-16T17:01:09.396+05:30  INFO 39132 --- [hospital-management-system] [  restartedMain] j.LocalContainerEntityManagerFactoryBean : Initialized JPA EntityManagerFactory for persistence unit 'default'
2026-06-16T17:01:09.787+05:30  INFO 39132 --- [hospital-management-system] [  restartedMain] o.s.d.j.r.query.QueryEnhancerFactory     : Hibernate is in classpath; If applicable, HQL parser will be used.
2026-06-16T17:01:11.591+05:30 DEBUG 39132 --- [hospital-management-system] [  restartedMain] s.w.s.m.m.a.RequestMappingHandlerMapping : 91 mappings in 'requestMappingHandlerMapping'
2026-06-16T17:01:11.669+05:30 DEBUG 39132 --- [hospital-management-system] [  restartedMain] o.s.w.s.handler.SimpleUrlHandlerMapping  : Patterns [/webjars/**, /**] in 'resourceHandlerMapping'
2026-06-16T17:01:11.715+05:30 DEBUG 39132 --- [hospital-management-system] [  restartedMain] s.w.s.m.m.a.RequestMappingHandlerAdapter : ControllerAdvice beans: 1 @ModelAttribute, 0 @InitBinder, 1 RequestBodyAdvice, 1 ResponseBodyAdvice
2026-06-16T17:01:11.762+05:30 DEBUG 39132 --- [hospital-management-system] [  restartedMain] .m.m.a.ExceptionHandlerExceptionResolver : ControllerAdvice beans: 1 @ExceptionHandler, 1 ResponseBodyAdvice
2026-06-16T17:01:12.291+05:30 DEBUG 39132 --- [hospital-management-system] [  restartedMain] o.s.b.d.livereload.LiveReloadServer      : Starting live reload server on port 35729
2026-06-16T17:01:12.292+05:30  WARN 39132 --- [hospital-management-system] [  restartedMain] o.s.b.d.a.OptionalLiveReloadServer       : Unable to start LiveReload server
2026-06-16T17:01:12.293+05:30 DEBUG 39132 --- [hospital-management-system] [  restartedMain] o.s.b.d.a.OptionalLiveReloadServer       : Live reload start error

java.net.BindException: Address already in use: bind
	at java.base/sun.nio.ch.Net.bind0(Native Method) ~[na:na]
	at java.base/sun.nio.ch.Net.bind(Net.java:565) ~[na:na]
	at java.base/sun.nio.ch.Net.bind(Net.java:554) ~[na:na]
	at java.base/sun.nio.ch.NioSocketImpl.bind(NioSocketImpl.java:636) ~[na:na]
	at java.base/java.net.ServerSocket.bind(ServerSocket.java:389) ~[na:na]
	at java.base/java.net.ServerSocket.<init>(ServerSocket.java:276) ~[na:na]
	at java.base/java.net.ServerSocket.<init>(ServerSocket.java:170) ~[na:na]
	at org.springframework.boot.devtools.livereload.LiveReloadServer.start(LiveReloadServer.java:114) ~[spring-boot-devtools-3.2.5.jar:3.2.5]
	at org.springframework.boot.devtools.autoconfigure.OptionalLiveReloadServer.startServer(OptionalLiveReloadServer.java:57) ~[spring-boot-devtools-3.2.5.jar:3.2.5]
	at org.springframework.boot.devtools.autoconfigure.OptionalLiveReloadServer.afterPropertiesSet(OptionalLiveReloadServer.java:49) ~[spring-boot-devtools-3.2.5.jar:3.2.5]
	at org.springframework.beans.factory.support.AbstractAutowireCapableBeanFactory.invokeInitMethods(AbstractAutowireCapableBeanFactory.java:1833) ~[spring-beans-6.1.6.jar:6.1.6]
	at org.springframework.beans.factory.support.AbstractAutowireCapableBeanFactory.initializeBean(AbstractAutowireCapableBeanFactory.java:1782) ~[spring-beans-6.1.6.jar:6.1.6]
	at org.springframework.beans.factory.support.AbstractAutowireCapableBeanFactory.doCreateBean(AbstractAutowireCapableBeanFactory.java:600) ~[spring-beans-6.1.6.jar:6.1.6]
	at org.springframework.beans.factory.support.AbstractAutowireCapableBeanFactory.createBean(AbstractAutowireCapableBeanFactory.java:522) ~[spring-beans-6.1.6.jar:6.1.6]
	at org.springframework.beans.factory.support.AbstractBeanFactory.lambda$doGetBean$0(AbstractBeanFactory.java:326) ~[spring-beans-6.1.6.jar:6.1.6]
	at org.springframework.beans.factory.support.DefaultSingletonBeanRegistry.getSingleton(DefaultSingletonBeanRegistry.java:234) ~[spring-beans-6.1.6.jar:6.1.6]
	at org.springframework.beans.factory.support.AbstractBeanFactory.doGetBean(AbstractBeanFactory.java:324) ~[spring-beans-6.1.6.jar:6.1.6]
	at org.springframework.beans.factory.support.AbstractBeanFactory.getBean(AbstractBeanFactory.java:200) ~[spring-beans-6.1.6.jar:6.1.6]
	at org.springframework.beans.factory.support.DefaultListableBeanFactory.preInstantiateSingletons(DefaultListableBeanFactory.java:975) ~[spring-beans-6.1.6.jar:6.1.6]
	at org.springframework.context.support.AbstractApplicationContext.finishBeanFactoryInitialization(AbstractApplicationContext.java:962) ~[spring-context-6.1.6.jar:6.1.6]
	at org.springframework.context.support.AbstractApplicationContext.refresh(AbstractApplicationContext.java:624) ~[spring-context-6.1.6.jar:6.1.6]
	at org.springframework.boot.web.servlet.context.ServletWebServerApplicationContext.refresh(ServletWebServerApplicationContext.java:146) ~[spring-boot-3.2.5.jar:3.2.5]
	at org.springframework.boot.SpringApplication.refresh(SpringApplication.java:754) ~[spring-boot-3.2.5.jar:3.2.5]
	at org.springframework.boot.SpringApplication.refreshContext(SpringApplication.java:456) ~[spring-boot-3.2.5.jar:3.2.5]
	at org.springframework.boot.SpringApplication.run(SpringApplication.java:334) ~[spring-boot-3.2.5.jar:3.2.5]
	at org.springframework.boot.SpringApplication.run(SpringApplication.java:1354) ~[spring-boot-3.2.5.jar:3.2.5]
	at org.springframework.boot.SpringApplication.run(SpringApplication.java:1343) ~[spring-boot-3.2.5.jar:3.2.5]
	at com.hospital.hms.HmsApplication.main(HmsApplication.java:15) ~[classes/:na]
	at java.base/jdk.internal.reflect.DirectMethodHandleAccessor.invoke(DirectMethodHandleAccessor.java:103) ~[na:na]
	at java.base/java.lang.reflect.Method.invoke(Method.java:580) ~[na:na]
	at org.springframework.boot.devtools.restart.RestartLauncher.run(RestartLauncher.java:50) ~[spring-boot-devtools-3.2.5.jar:3.2.5]

2026-06-16T17:01:12.315+05:30  INFO 39132 --- [hospital-management-system] [  restartedMain] o.s.b.a.e.web.EndpointLinksResolver      : Exposing 2 endpoint(s) beneath base path '/actuator'
2026-06-16T17:01:12.434+05:30  INFO 39132 --- [hospital-management-system] [  restartedMain] o.s.b.w.embedded.tomcat.TomcatWebServer  : Tomcat started on port 8082 (http) with context path ''
2026-06-16T17:01:12.454+05:30 DEBUG 39132 --- [hospital-management-system] [  restartedMain] .s.b.a.l.ConditionEvaluationReportLogger : 


============================
CONDITIONS EVALUATION REPORT
============================


Positive matches:
-----------------

   AopAutoConfiguration matched:
      - @ConditionalOnProperty (spring.aop.auto=true) matched (OnPropertyCondition)

   AopAutoConfiguration.AspectJAutoProxyingConfiguration matched:
      - @ConditionalOnClass found required class 'org.aspectj.weaver.Advice' (OnClassCondition)

   AopAutoConfiguration.AspectJAutoProxyingConfiguration.CglibAutoProxyConfiguration matched:
      - @ConditionalOnProperty (spring.aop.proxy-target-class=true) matched (OnPropertyCondition)

   ApplicationAvailabilityAutoConfiguration#applicationAvailability matched:
      - @ConditionalOnMissingBean (types: org.springframework.boot.availability.ApplicationAvailability; SearchStrategy: all) did not find any beans (OnBeanCondition)

   CacheMeterBinderProvidersConfiguration matched:
      - @ConditionalOnClass found required class 'io.micrometer.core.instrument.binder.MeterBinder' (OnClassCondition)

   CacheMeterBinderProvidersConfiguration.RedisCacheMeterBinderProviderConfiguration matched:
      - @ConditionalOnClass found required class 'org.springframework.data.redis.cache.RedisCache' (OnClassCondition)

   CacheMetricsAutoConfiguration matched:
      - @ConditionalOnBean (types: org.springframework.cache.CacheManager; SearchStrategy: all) found bean 'memoryCacheManager' (OnBeanCondition)

   CacheMetricsRegistrarConfiguration matched:
      - @ConditionalOnBean (types: org.springframework.boot.actuate.metrics.cache.CacheMeterBinderProvider,io.micrometer.core.instrument.MeterRegistry; SearchStrategy: all) found beans 'simpleMeterRegistry', 'redisCacheMeterBinderProvider' (OnBeanCondition)

   CompositeMeterRegistryAutoConfiguration matched:
      - @ConditionalOnClass found required class 'io.micrometer.core.instrument.composite.CompositeMeterRegistry' (OnClassCondition)

   DataSourceAutoConfiguration matched:
      - @ConditionalOnClass found required classes 'javax.sql.DataSource', 'org.springframework.jdbc.datasource.embedded.EmbeddedDatabaseType' (OnClassCondition)
      - @ConditionalOnMissingBean (types: io.r2dbc.spi.ConnectionFactory; SearchStrategy: all) did not find any beans (OnBeanCondition)

   DataSourceAutoConfiguration.PooledDataSourceConfiguration matched:
      - AnyNestedCondition 1 matched 1 did not; NestedCondition on DataSourceAutoConfiguration.PooledDataSourceCondition.PooledDataSourceAvailable PooledDataSource found supported DataSource; NestedCondition on DataSourceAutoConfiguration.PooledDataSourceCondition.ExplicitType @ConditionalOnProperty (spring.datasource.type) did not find property 'type' (DataSourceAutoConfiguration.PooledDataSourceCondition)
      - @ConditionalOnMissingBean (types: javax.sql.DataSource,javax.sql.XADataSource; SearchStrategy: all) did not find any beans (OnBeanCondition)

   DataSourceAutoConfiguration.PooledDataSourceConfiguration#jdbcConnectionDetails matched:
      - @ConditionalOnMissingBean (types: org.springframework.boot.autoconfigure.jdbc.JdbcConnectionDetails; SearchStrategy: all) did not find any beans (OnBeanCondition)

   DataSourceConfiguration.Hikari matched:
      - @ConditionalOnClass found required class 'com.zaxxer.hikari.HikariDataSource' (OnClassCondition)
      - @ConditionalOnProperty (spring.datasource.type=com.zaxxer.hikari.HikariDataSource) matched (OnPropertyCondition)
      - @ConditionalOnMissingBean (types: javax.sql.DataSource; SearchStrategy: all) did not find any beans (OnBeanCondition)

   DataSourceHealthContributorAutoConfiguration matched:
      - @ConditionalOnClass found required classes 'org.springframework.jdbc.core.JdbcTemplate', 'org.springframework.jdbc.datasource.lookup.AbstractRoutingDataSource' (OnClassCondition)
      - @ConditionalOnEnabledHealthIndicator management.health.defaults.enabled is considered true (OnEnabledHealthIndicatorCondition)
      - @ConditionalOnBean (types: javax.sql.DataSource; SearchStrategy: all) found bean 'dataSource' (OnBeanCondition)

   DataSourceHealthContributorAutoConfiguration#dbHealthContributor matched:
      - @ConditionalOnMissingBean (names: dbHealthIndicator,dbHealthContributor; SearchStrategy: all) did not find any beans (OnBeanCondition)

   DataSourceJmxConfiguration matched:
      - @ConditionalOnProperty (spring.jmx.enabled=true) matched (OnPropertyCondition)

   DataSourceJmxConfiguration.Hikari matched:
      - @ConditionalOnClass found required class 'com.zaxxer.hikari.HikariDataSource' (OnClassCondition)
      - @ConditionalOnSingleCandidate (types: javax.sql.DataSource; SearchStrategy: all) found a single bean 'dataSource' (OnBeanCondition)

   DataSourcePoolMetadataProvidersConfiguration.HikariPoolDataSourceMetadataProviderConfiguration matched:
      - @ConditionalOnClass found required class 'com.zaxxer.hikari.HikariDataSource' (OnClassCondition)

   DataSourcePoolMetricsAutoConfiguration matched:
      - @ConditionalOnClass found required classes 'javax.sql.DataSource', 'io.micrometer.core.instrument.MeterRegistry' (OnClassCondition)
      - @ConditionalOnBean (types: javax.sql.DataSource,io.micrometer.core.instrument.MeterRegistry; SearchStrategy: all) found beans 'simpleMeterRegistry', 'dataSource' (OnBeanCondition)

   DataSourcePoolMetricsAutoConfiguration.DataSourcePoolMetadataMetricsConfiguration matched:
      - @ConditionalOnBean (types: org.springframework.boot.jdbc.metadata.DataSourcePoolMetadataProvider; SearchStrategy: all) found bean 'hikariPoolDataSourceMetadataProvider' (OnBeanCondition)

   DataSourcePoolMetricsAutoConfiguration.HikariDataSourceMetricsConfiguration matched:
      - @ConditionalOnClass found required class 'com.zaxxer.hikari.HikariDataSource' (OnClassCondition)

   DataSourceTransactionManagerAutoConfiguration matched:
      - @ConditionalOnClass found required classes 'org.springframework.jdbc.core.JdbcTemplate', 'org.springframework.transaction.TransactionManager' (OnClassCondition)

   DataSourceTransactionManagerAutoConfiguration.JdbcTransactionManagerConfiguration matched:
      - @ConditionalOnSingleCandidate (types: javax.sql.DataSource; SearchStrategy: all) found a single bean 'dataSource' (OnBeanCondition)

   DevToolsDataSourceAutoConfiguration matched:
      - Devtools devtools enabled. (OnEnabledDevToolsCondition)
      - DevTools DataSource Condition found auto-configured DataSource (DevToolsDataSourceAutoConfiguration.DevToolsDataSourceCondition)

   DevToolsDataSourceAutoConfiguration.DatabaseShutdownExecutorEntityManagerFactoryDependsOnPostProcessor matched:
      - @ConditionalOnClass found required class 'org.springframework.orm.jpa.LocalContainerEntityManagerFactoryBean' (OnClassCondition)
      - @ConditionalOnBean (types: org.springframework.orm.jpa.AbstractEntityManagerFactoryBean; SearchStrategy: all) found bean '&entityManagerFactory' (OnBeanCondition)

   DiskSpaceHealthContributorAutoConfiguration matched:
      - @ConditionalOnEnabledHealthIndicator management.health.defaults.enabled is considered true (OnEnabledHealthIndicatorCondition)

   DiskSpaceHealthContributorAutoConfiguration#diskSpaceHealthIndicator matched:
      - @ConditionalOnMissingBean (names: diskSpaceHealthIndicator; SearchStrategy: all) did not find any beans (OnBeanCondition)

   DispatcherServletAutoConfiguration matched:
      - @ConditionalOnClass found required class 'org.springframework.web.servlet.DispatcherServlet' (OnClassCondition)
      - found 'session' scope (OnWebApplicationCondition)

   DispatcherServletAutoConfiguration.DispatcherServletConfiguration matched:
      - @ConditionalOnClass found required class 'jakarta.servlet.ServletRegistration' (OnClassCondition)
      - Default DispatcherServlet did not find dispatcher servlet beans (DispatcherServletAutoConfiguration.DefaultDispatcherServletCondition)

   DispatcherServletAutoConfiguration.DispatcherServletRegistrationConfiguration matched:
      - @ConditionalOnClass found required class 'jakarta.servlet.ServletRegistration' (OnClassCondition)
      - DispatcherServlet Registration did not find servlet registration bean (DispatcherServletAutoConfiguration.DispatcherServletRegistrationCondition)

   DispatcherServletAutoConfiguration.DispatcherServletRegistrationConfiguration#dispatcherServletRegistration matched:
      - @ConditionalOnBean (names: dispatcherServlet types: org.springframework.web.servlet.DispatcherServlet; SearchStrategy: all) found bean 'dispatcherServlet' (OnBeanCondition)

   EmbeddedWebServerFactoryCustomizerAutoConfiguration matched:
      - @ConditionalOnWebApplication (required) found 'session' scope (OnWebApplicationCondition)
      - @ConditionalOnWarDeployment the application is not deployed as a WAR file. (OnWarDeploymentCondition)

   EmbeddedWebServerFactoryCustomizerAutoConfiguration.TomcatWebServerFactoryCustomizerConfiguration matched:
      - @ConditionalOnClass found required classes 'org.apache.catalina.startup.Tomcat', 'org.apache.coyote.UpgradeProtocol' (OnClassCondition)

   EndpointAutoConfiguration#endpointCachingOperationInvokerAdvisor matched:
      - @ConditionalOnMissingBean (types: org.springframework.boot.actuate.endpoint.invoker.cache.CachingOperationInvokerAdvisor; SearchStrategy: all) did not find any beans (OnBeanCondition)

   EndpointAutoConfiguration#endpointOperationParameterMapper matched:
      - @ConditionalOnMissingBean (types: org.springframework.boot.actuate.endpoint.invoke.ParameterValueMapper; SearchStrategy: all) did not find any beans (OnBeanCondition)

   ErrorMvcAutoConfiguration matched:
      - @ConditionalOnClass found required classes 'jakarta.servlet.Servlet', 'org.springframework.web.servlet.DispatcherServlet' (OnClassCondition)
      - found 'session' scope (OnWebApplicationCondition)

   ErrorMvcAutoConfiguration#basicErrorController matched:
      - @ConditionalOnMissingBean (types: org.springframework.boot.web.servlet.error.ErrorController; SearchStrategy: current) did not find any beans (OnBeanCondition)

   ErrorMvcAutoConfiguration#errorAttributes matched:
      - @ConditionalOnMissingBean (types: org.springframework.boot.web.servlet.error.ErrorAttributes; SearchStrategy: current) did not find any beans (OnBeanCondition)

   ErrorMvcAutoConfiguration.DefaultErrorViewResolverConfiguration#conventionErrorViewResolver matched:
      - @ConditionalOnBean (types: org.springframework.web.servlet.DispatcherServlet; SearchStrategy: all) found bean 'dispatcherServlet'; @ConditionalOnMissingBean (types: org.springframework.boot.autoconfigure.web.servlet.error.ErrorViewResolver; SearchStrategy: all) did not find any beans (OnBeanCondition)

   ErrorMvcAutoConfiguration.WhitelabelErrorViewConfiguration matched:
      - @ConditionalOnProperty (server.error.whitelabel.enabled) matched (OnPropertyCondition)
      - ErrorTemplate Missing did not find error template view (ErrorMvcAutoConfiguration.ErrorTemplateMissingCondition)

   ErrorMvcAutoConfiguration.WhitelabelErrorViewConfiguration#beanNameViewResolver matched:
      - @ConditionalOnMissingBean (types: org.springframework.web.servlet.view.BeanNameViewResolver; SearchStrategy: all) did not find any beans (OnBeanCondition)

   ErrorMvcAutoConfiguration.WhitelabelErrorViewConfiguration#defaultErrorView matched:
      - @ConditionalOnMissingBean (names: error; SearchStrategy: all) did not find any beans (OnBeanCondition)

   GenericCacheConfiguration matched:
      - Cache org.springframework.boot.autoconfigure.cache.GenericCacheConfiguration automatic cache type (CacheCondition)

   H2ConsoleAutoConfiguration matched:
      - @ConditionalOnClass found required class 'org.h2.server.web.JakartaWebServlet' (OnClassCondition)
      - found 'session' scope (OnWebApplicationCondition)
      - @ConditionalOnProperty (spring.h2.console.enabled=true) matched (OnPropertyCondition)

   HealthContributorAutoConfiguration#pingHealthContributor matched:
      - @ConditionalOnEnabledHealthIndicator management.health.defaults.enabled is considered true (OnEnabledHealthIndicatorCondition)

   HealthEndpointAutoConfiguration matched:
      - @ConditionalOnAvailableEndpoint marked as exposed by a 'management.endpoints.web.exposure' property (OnAvailableEndpointCondition)

   HealthEndpointConfiguration#healthContributorRegistry matched:
      - @ConditionalOnMissingBean (types: org.springframework.boot.actuate.health.HealthContributorRegistry; SearchStrategy: all) did not find any beans (OnBeanCondition)

   HealthEndpointConfiguration#healthEndpoint matched:
      - @ConditionalOnMissingBean (types: org.springframework.boot.actuate.health.HealthEndpoint; SearchStrategy: all) did not find any beans (OnBeanCondition)

   HealthEndpointConfiguration#healthEndpointGroupMembershipValidator matched:
      - @ConditionalOnProperty (management.endpoint.health.validate-group-membership=true) matched (OnPropertyCondition)

   HealthEndpointConfiguration#healthEndpointGroups matched:
      - @ConditionalOnMissingBean (types: org.springframework.boot.actuate.health.HealthEndpointGroups; SearchStrategy: all) did not find any beans (OnBeanCondition)

   HealthEndpointConfiguration#healthHttpCodeStatusMapper matched:
      - @ConditionalOnMissingBean (types: org.springframework.boot.actuate.health.HttpCodeStatusMapper; SearchStrategy: all) did not find any beans (OnBeanCondition)

   HealthEndpointConfiguration#healthStatusAggregator matched:
      - @ConditionalOnMissingBean (types: org.springframework.boot.actuate.health.StatusAggregator; SearchStrategy: all) did not find any beans (OnBeanCondition)

   HealthEndpointWebExtensionConfiguration matched:
      - found 'session' scope (OnWebApplicationCondition)
      - @ConditionalOnAvailableEndpoint marked as exposed by a 'management.endpoints.web.exposure' property (OnAvailableEndpointCondition)
      - @ConditionalOnBean (types: org.springframework.boot.actuate.health.HealthEndpoint; SearchStrategy: all) found bean 'healthEndpoint' (OnBeanCondition)

   HealthEndpointWebExtensionConfiguration#healthEndpointWebExtension matched:
      - @ConditionalOnMissingBean (types: org.springframework.boot.actuate.health.HealthEndpointWebExtension; SearchStrategy: all) did not find any beans (OnBeanCondition)

   HealthEndpointWebExtensionConfiguration.MvcAdditionalHealthEndpointPathsConfiguration matched:
      - @ConditionalOnAvailableEndpoint marked as exposed by a 'management.endpoints.web.exposure' property (OnAvailableEndpointCondition)
      - @ConditionalOnBean (types: org.springframework.web.servlet.DispatcherServlet; SearchStrategy: all) found bean 'dispatcherServlet' (OnBeanCondition)

   HibernateJpaAutoConfiguration matched:
      - @ConditionalOnClass found required classes 'org.springframework.orm.jpa.LocalContainerEntityManagerFactoryBean', 'jakarta.persistence.EntityManager', 'org.hibernate.engine.spi.SessionImplementor' (OnClassCondition)

   HibernateJpaConfiguration matched:
      - @ConditionalOnSingleCandidate (types: javax.sql.DataSource; SearchStrategy: all) found a single bean 'dataSource' (OnBeanCondition)

   HttpClientObservationsAutoConfiguration matched:
      - @ConditionalOnClass found required class 'io.micrometer.observation.Observation' (OnClassCondition)
      - @ConditionalOnBean (types: io.micrometer.observation.ObservationRegistry; SearchStrategy: all) found bean 'observationRegistry' (OnBeanCondition)

   HttpClientObservationsAutoConfiguration.MeterFilterConfiguration matched:
      - @ConditionalOnClass found required class 'io.micrometer.core.instrument.MeterRegistry' (OnClassCondition)
      - @ConditionalOnBean (types: io.micrometer.core.instrument.MeterRegistry; SearchStrategy: all) found bean 'simpleMeterRegistry' (OnBeanCondition)

   HttpEncodingAutoConfiguration matched:
      - @ConditionalOnClass found required class 'org.springframework.web.filter.CharacterEncodingFilter' (OnClassCondition)
      - found 'session' scope (OnWebApplicationCondition)
      - @ConditionalOnProperty (server.servlet.encoding.enabled) matched (OnPropertyCondition)

   HttpEncodingAutoConfiguration#characterEncodingFilter matched:
      - @ConditionalOnMissingBean (types: org.springframework.web.filter.CharacterEncodingFilter; SearchStrategy: all) did not find any beans (OnBeanCondition)

   HttpMessageConvertersAutoConfiguration matched:
      - @ConditionalOnClass found required class 'org.springframework.http.converter.HttpMessageConverter' (OnClassCondition)
      - NoneNestedConditions 0 matched 1 did not; NestedCondition on HttpMessageConvertersAutoConfiguration.NotReactiveWebApplicationCondition.ReactiveWebApplication did not find reactive web application classes (HttpMessageConvertersAutoConfiguration.NotReactiveWebApplicationCondition)

   HttpMessageConvertersAutoConfiguration#messageConverters matched:
      - @ConditionalOnMissingBean (types: org.springframework.boot.autoconfigure.http.HttpMessageConverters; SearchStrategy: all) did not find any beans (OnBeanCondition)

   HttpMessageConvertersAutoConfiguration.StringHttpMessageConverterConfiguration matched:
      - @ConditionalOnClass found required class 'org.springframework.http.converter.StringHttpMessageConverter' (OnClassCondition)

   HttpMessageConvertersAutoConfiguration.StringHttpMessageConverterConfiguration#stringHttpMessageConverter matched:
      - @ConditionalOnMissingBean (types: org.springframework.http.converter.StringHttpMessageConverter; SearchStrategy: all) did not find any beans (OnBeanCondition)

   InMemoryNotificationInboxStore matched:
      - @ConditionalOnProperty (hms.redis.enabled=false) matched (OnPropertyCondition)

   InMemoryPresenceRegistry matched:
      - @ConditionalOnProperty (hms.redis.enabled=false) matched (OnPropertyCondition)

   InfoEndpointAutoConfiguration matched:
      - @ConditionalOnAvailableEndpoint marked as exposed by a 'management.endpoints.web.exposure' property (OnAvailableEndpointCondition)

   InfoEndpointAutoConfiguration#infoEndpoint matched:
      - @ConditionalOnMissingBean (types: org.springframework.boot.actuate.info.InfoEndpoint; SearchStrategy: all) did not find any beans (OnBeanCondition)

   JacksonAutoConfiguration matched:
      - @ConditionalOnClass found required class 'com.fasterxml.jackson.databind.ObjectMapper' (OnClassCondition)

   JacksonAutoConfiguration.Jackson2ObjectMapperBuilderCustomizerConfiguration matched:
      - @ConditionalOnClass found required class 'org.springframework.http.converter.json.Jackson2ObjectMapperBuilder' (OnClassCondition)

   JacksonAutoConfiguration.JacksonObjectMapperBuilderConfiguration matched:
      - @ConditionalOnClass found required class 'org.springframework.http.converter.json.Jackson2ObjectMapperBuilder' (OnClassCondition)

   JacksonAutoConfiguration.JacksonObjectMapperBuilderConfiguration#jacksonObjectMapperBuilder matched:
      - @ConditionalOnMissingBean (types: org.springframework.http.converter.json.Jackson2ObjectMapperBuilder; SearchStrategy: all) did not find any beans (OnBeanCondition)

   JacksonAutoConfiguration.JacksonObjectMapperConfiguration matched:
      - @ConditionalOnClass found required class 'org.springframework.http.converter.json.Jackson2ObjectMapperBuilder' (OnClassCondition)

   JacksonAutoConfiguration.JacksonObjectMapperConfiguration#jacksonObjectMapper matched:
      - @ConditionalOnMissingBean (types: com.fasterxml.jackson.databind.ObjectMapper; SearchStrategy: all) did not find any beans (OnBeanCondition)

   JacksonAutoConfiguration.ParameterNamesModuleConfiguration matched:
      - @ConditionalOnClass found required class 'com.fasterxml.jackson.module.paramnames.ParameterNamesModule' (OnClassCondition)

   JacksonAutoConfiguration.ParameterNamesModuleConfiguration#parameterNamesModule matched:
      - @ConditionalOnMissingBean (types: com.fasterxml.jackson.module.paramnames.ParameterNamesModule; SearchStrategy: all) did not find any beans (OnBeanCondition)

   JacksonEndpointAutoConfiguration#endpointObjectMapper matched:
      - @ConditionalOnClass found required classes 'com.fasterxml.jackson.databind.ObjectMapper', 'org.springframework.http.converter.json.Jackson2ObjectMapperBuilder' (OnClassCondition)
      - @ConditionalOnProperty (management.endpoints.jackson.isolated-object-mapper) matched (OnPropertyCondition)

   JacksonHttpMessageConvertersConfiguration.MappingJackson2HttpMessageConverterConfiguration matched:
      - @ConditionalOnClass found required class 'com.fasterxml.jackson.databind.ObjectMapper' (OnClassCondition)
      - @ConditionalOnProperty (spring.mvc.converters.preferred-json-mapper=jackson) matched (OnPropertyCondition)
      - @ConditionalOnBean (types: com.fasterxml.jackson.databind.ObjectMapper; SearchStrategy: all) found bean 'jacksonObjectMapper' (OnBeanCondition)

   JacksonHttpMessageConvertersConfiguration.MappingJackson2HttpMessageConverterConfiguration#mappingJackson2HttpMessageConverter matched:
      - @ConditionalOnMissingBean (types: org.springframework.http.converter.json.MappingJackson2HttpMessageConverter ignored: org.springframework.hateoas.server.mvc.TypeConstrainedMappingJackson2HttpMessageConverter,org.springframework.data.rest.webmvc.alps.AlpsJsonHttpMessageConverter; SearchStrategy: all) did not find any beans (OnBeanCondition)

   JdbcClientAutoConfiguration matched:
      - @ConditionalOnSingleCandidate (types: org.springframework.jdbc.core.namedparam.NamedParameterJdbcTemplate; SearchStrategy: all) found a single bean 'namedParameterJdbcTemplate'; @ConditionalOnMissingBean (types: org.springframework.jdbc.core.simple.JdbcClient; SearchStrategy: all) did not find any beans (OnBeanCondition)

   JdbcTemplateAutoConfiguration matched:
      - @ConditionalOnClass found required classes 'javax.sql.DataSource', 'org.springframework.jdbc.core.JdbcTemplate' (OnClassCondition)
      - @ConditionalOnSingleCandidate (types: javax.sql.DataSource; SearchStrategy: all) found a single bean 'dataSource' (OnBeanCondition)

   JdbcTemplateConfiguration matched:
      - @ConditionalOnMissingBean (types: org.springframework.jdbc.core.JdbcOperations; SearchStrategy: all) did not find any beans (OnBeanCondition)

   JpaBaseConfiguration#entityManagerFactory matched:
      - @ConditionalOnMissingBean (types: org.springframework.orm.jpa.LocalContainerEntityManagerFactoryBean,jakarta.persistence.EntityManagerFactory; SearchStrategy: all) did not find any beans (OnBeanCondition)

   JpaBaseConfiguration#entityManagerFactoryBuilder matched:
      - @ConditionalOnMissingBean (types: org.springframework.boot.orm.jpa.EntityManagerFactoryBuilder; SearchStrategy: all) did not find any beans (OnBeanCondition)

   JpaBaseConfiguration#jpaVendorAdapter matched:
      - @ConditionalOnMissingBean (types: org.springframework.orm.jpa.JpaVendorAdapter; SearchStrategy: all) did not find any beans (OnBeanCondition)

   JpaBaseConfiguration#transactionManager matched:
      - @ConditionalOnMissingBean (types: org.springframework.transaction.TransactionManager; SearchStrategy: all) did not find any beans (OnBeanCondition)

   JpaBaseConfiguration.JpaWebConfiguration matched:
      - @ConditionalOnClass found required class 'org.springframework.web.servlet.config.annotation.WebMvcConfigurer' (OnClassCondition)
      - found 'session' scope (OnWebApplicationCondition)
      - @ConditionalOnProperty (spring.jpa.open-in-view=true) matched (OnPropertyCondition)
      - @ConditionalOnMissingBean (types: org.springframework.orm.jpa.support.OpenEntityManagerInViewInterceptor,org.springframework.orm.jpa.support.OpenEntityManagerInViewFilter; SearchStrategy: all) did not find any beans (OnBeanCondition)

   JpaBaseConfiguration.PersistenceManagedTypesConfiguration matched:
      - @ConditionalOnMissingBean (types: org.springframework.orm.jpa.LocalContainerEntityManagerFactoryBean,jakarta.persistence.EntityManagerFactory; SearchStrategy: all) did not find any beans (OnBeanCondition)

   JpaBaseConfiguration.PersistenceManagedTypesConfiguration#persistenceManagedTypes matched:
      - @ConditionalOnMissingBean (types: org.springframework.orm.jpa.persistenceunit.PersistenceManagedTypes; SearchStrategy: all) did not find any beans (OnBeanCondition)

   JpaRepositoriesAutoConfiguration matched:
      - @ConditionalOnClass found required class 'org.springframework.data.jpa.repository.JpaRepository' (OnClassCondition)
      - @ConditionalOnProperty (spring.data.jpa.repositories.enabled=true) matched (OnPropertyCondition)
      - @ConditionalOnBean (types: javax.sql.DataSource; SearchStrategy: all) found bean 'dataSource'; @ConditionalOnMissingBean (types: org.springframework.data.jpa.repository.support.JpaRepositoryFactoryBean,org.springframework.data.jpa.repository.config.JpaRepositoryConfigExtension; SearchStrategy: all) did not find any beans (OnBeanCondition)

   JtaAutoConfiguration matched:
      - @ConditionalOnClass found required class 'jakarta.transaction.Transaction' (OnClassCondition)
      - @ConditionalOnProperty (spring.jta.enabled) matched (OnPropertyCondition)

   JvmMetricsAutoConfiguration matched:
      - @ConditionalOnClass found required class 'io.micrometer.core.instrument.MeterRegistry' (OnClassCondition)
      - @ConditionalOnBean (types: io.micrometer.core.instrument.MeterRegistry; SearchStrategy: all) found bean 'simpleMeterRegistry' (OnBeanCondition)

   JvmMetricsAutoConfiguration#classLoaderMetrics matched:
      - @ConditionalOnMissingBean (types: io.micrometer.core.instrument.binder.jvm.ClassLoaderMetrics; SearchStrategy: all) did not find any beans (OnBeanCondition)

   JvmMetricsAutoConfiguration#jvmCompilationMetrics matched:
      - @ConditionalOnMissingBean (types: io.micrometer.core.instrument.binder.jvm.JvmCompilationMetrics; SearchStrategy: all) did not find any beans (OnBeanCondition)

   JvmMetricsAutoConfiguration#jvmGcMetrics matched:
      - @ConditionalOnMissingBean (types: io.micrometer.core.instrument.binder.jvm.JvmGcMetrics; SearchStrategy: all) did not find any beans (OnBeanCondition)

   JvmMetricsAutoConfiguration#jvmHeapPressureMetrics matched:
      - @ConditionalOnMissingBean (types: io.micrometer.core.instrument.binder.jvm.JvmHeapPressureMetrics; SearchStrategy: all) did not find any beans (OnBeanCondition)

   JvmMetricsAutoConfiguration#jvmInfoMetrics matched:
      - @ConditionalOnMissingBean (types: io.micrometer.core.instrument.binder.jvm.JvmInfoMetrics; SearchStrategy: all) did not find any beans (OnBeanCondition)

   JvmMetricsAutoConfiguration#jvmMemoryMetrics matched:
      - @ConditionalOnMissingBean (types: io.micrometer.core.instrument.binder.jvm.JvmMemoryMetrics; SearchStrategy: all) did not find any beans (OnBeanCondition)

   JvmMetricsAutoConfiguration#jvmThreadMetrics matched:
      - @ConditionalOnMissingBean (types: io.micrometer.core.instrument.binder.jvm.JvmThreadMetrics; SearchStrategy: all) did not find any beans (OnBeanCondition)

   LettuceMetricsAutoConfiguration matched:
      - @ConditionalOnClass found required classes 'io.lettuce.core.RedisClient', 'io.lettuce.core.metrics.MicrometerCommandLatencyRecorder' (OnClassCondition)
      - @ConditionalOnBean (types: io.micrometer.core.instrument.MeterRegistry; SearchStrategy: all) found bean 'simpleMeterRegistry' (OnBeanCondition)

   LettuceMetricsAutoConfiguration#micrometerOptions matched:
      - @ConditionalOnMissingBean (types: io.lettuce.core.metrics.MicrometerOptions; SearchStrategy: all) did not find any beans (OnBeanCondition)

   LifecycleAutoConfiguration#defaultLifecycleProcessor matched:
      - @ConditionalOnMissingBean (names: lifecycleProcessor; SearchStrategy: current) did not find any beans (OnBeanCondition)

   LocalDevToolsAutoConfiguration matched:
      - Initialized Restarter Condition available and initialized (OnInitializedRestarterCondition)

   LocalDevToolsAutoConfiguration.LiveReloadConfiguration matched:
      - @ConditionalOnProperty (spring.devtools.livereload.enabled) matched (OnPropertyCondition)

   LocalDevToolsAutoConfiguration.LiveReloadConfiguration#liveReloadServer matched:
      - @ConditionalOnMissingBean (types: org.springframework.boot.devtools.livereload.LiveReloadServer; SearchStrategy: all) did not find any beans (OnBeanCondition)

   LocalPharmacyOperationLock matched:
      - @ConditionalOnProperty (hms.redis.enabled=false) matched (OnPropertyCondition)

   LogbackMetricsAutoConfiguration matched:
      - @ConditionalOnClass found required classes 'io.micrometer.core.instrument.MeterRegistry', 'ch.qos.logback.classic.LoggerContext', 'org.slf4j.LoggerFactory' (OnClassCondition)
      - LogbackLoggingCondition ILoggerFactory is a Logback LoggerContext (LogbackMetricsAutoConfiguration.LogbackLoggingCondition)
      - @ConditionalOnBean (types: io.micrometer.core.instrument.MeterRegistry; SearchStrategy: all) found bean 'simpleMeterRegistry' (OnBeanCondition)

   LogbackMetricsAutoConfiguration#logbackMetrics matched:
      - @ConditionalOnMissingBean (types: io.micrometer.core.instrument.binder.logging.LogbackMetrics; SearchStrategy: all) did not find any beans (OnBeanCondition)

   ManagementContextAutoConfiguration.SameManagementContextConfiguration matched:
      - Management Port actual port type (SAME) matched required type (OnManagementPortCondition)

   MemoryCacheConfiguration matched:
      - @ConditionalOnProperty (hms.redis.enabled=false) matched (OnPropertyCondition)

   MetricsAutoConfiguration matched:
      - @ConditionalOnClass found required class 'io.micrometer.core.annotation.Timed' (OnClassCondition)

   MetricsAutoConfiguration#micrometerClock matched:
      - @ConditionalOnMissingBean (types: io.micrometer.core.instrument.Clock; SearchStrategy: all) did not find any beans (OnBeanCondition)

   MultipartAutoConfiguration matched:
      - @ConditionalOnClass found required classes 'jakarta.servlet.Servlet', 'org.springframework.web.multipart.support.StandardServletMultipartResolver', 'jakarta.servlet.MultipartConfigElement' (OnClassCondition)
      - found 'session' scope (OnWebApplicationCondition)
      - @ConditionalOnProperty (spring.servlet.multipart.enabled) matched (OnPropertyCondition)

   MultipartAutoConfiguration#multipartConfigElement matched:
      - @ConditionalOnMissingBean (types: jakarta.servlet.MultipartConfigElement; SearchStrategy: all) did not find any beans (OnBeanCondition)

   MultipartAutoConfiguration#multipartResolver matched:
      - @ConditionalOnMissingBean (types: org.springframework.web.multipart.MultipartResolver; SearchStrategy: all) did not find any beans (OnBeanCondition)

   NamedParameterJdbcTemplateConfiguration matched:
      - @ConditionalOnSingleCandidate (types: org.springframework.jdbc.core.JdbcTemplate; SearchStrategy: all) found a single bean 'jdbcTemplate'; @ConditionalOnMissingBean (types: org.springframework.jdbc.core.namedparam.NamedParameterJdbcOperations; SearchStrategy: all) did not find any beans (OnBeanCondition)

   NettyAutoConfiguration matched:
      - @ConditionalOnClass found required class 'io.netty.util.NettyRuntime' (OnClassCondition)

   NoOpCacheConfiguration matched:
      - Cache org.springframework.boot.autoconfigure.cache.NoOpCacheConfiguration automatic cache type (CacheCondition)

   NoOpPatientSearchCache matched:
      - @ConditionalOnProperty (hms.redis.enabled=false) matched (OnPropertyCondition)

   NotificationInfrastructureConfig#inMemoryNotificationQueue matched:
      - @ConditionalOnProperty (hms.redis.enabled=false) matched (OnPropertyCondition)

   ObservationAutoConfiguration matched:
      - @ConditionalOnClass found required class 'io.micrometer.observation.ObservationRegistry' (OnClassCondition)

   ObservationAutoConfiguration#observationRegistry matched:
      - @ConditionalOnMissingBean (types: io.micrometer.observation.ObservationRegistry; SearchStrategy: all) did not find any beans (OnBeanCondition)

   ObservationAutoConfiguration.MeterObservationHandlerConfiguration matched:
      - @ConditionalOnBean (types: io.micrometer.core.instrument.MeterRegistry; SearchStrategy: all) found bean 'simpleMeterRegistry'; @ConditionalOnMissingBean (types: io.micrometer.core.instrument.observation.MeterObservationHandler; SearchStrategy: all) did not find any beans (OnBeanCondition)

   ObservationAutoConfiguration.MeterObservationHandlerConfiguration.OnlyMetricsMeterObservationHandlerConfiguration matched:
      - @ConditionalOnMissingBean (types: io.micrometer.tracing.Tracer; SearchStrategy: all) did not find any beans (OnBeanCondition)

   ObservationAutoConfiguration.ObservedAspectConfiguration matched:
      - @ConditionalOnClass found required class 'org.aspectj.weaver.Advice' (OnClassCondition)

   ObservationAutoConfiguration.ObservedAspectConfiguration#observedAspect matched:
      - @ConditionalOnMissingBean (types: io.micrometer.observation.aop.ObservedAspect; SearchStrategy: all) did not find any beans (OnBeanCondition)

   ObservationAutoConfiguration.OnlyMetricsConfiguration matched:
      - @ConditionalOnClass found required class 'io.micrometer.core.instrument.MeterRegistry'; @ConditionalOnMissingClass did not find unwanted class 'io.micrometer.tracing.Tracer' (OnClassCondition)

   PersistenceExceptionTranslationAutoConfiguration matched:
      - @ConditionalOnClass found required class 'org.springframework.dao.annotation.PersistenceExceptionTranslationPostProcessor' (OnClassCondition)

   PersistenceExceptionTranslationAutoConfiguration#persistenceExceptionTranslationPostProcessor matched:
      - @ConditionalOnProperty (spring.dao.exceptiontranslation.enabled) matched (OnPropertyCondition)
      - @ConditionalOnMissingBean (types: org.springframework.dao.annotation.PersistenceExceptionTranslationPostProcessor; SearchStrategy: all) did not find any beans (OnBeanCondition)

   PropertyPlaceholderAutoConfiguration#propertySourcesPlaceholderConfigurer matched:
      - @ConditionalOnMissingBean (types: org.springframework.context.support.PropertySourcesPlaceholderConfigurer; SearchStrategy: current) did not find any beans (OnBeanCondition)

   ReactiveHealthEndpointConfiguration matched:
      - @ConditionalOnClass found required class 'reactor.core.publisher.Flux' (OnClassCondition)
      - @ConditionalOnBean (types: org.springframework.boot.actuate.health.HealthEndpoint; SearchStrategy: all) found bean 'healthEndpoint' (OnBeanCondition)

   ReactiveHealthEndpointConfiguration#reactiveHealthContributorRegistry matched:
      - @ConditionalOnMissingBean (types: org.springframework.boot.actuate.health.ReactiveHealthContributorRegistry; SearchStrategy: all) did not find any beans (OnBeanCondition)

   ReactorAutoConfiguration matched:
      - @ConditionalOnClass found required class 'reactor.core.publisher.Hooks' (OnClassCondition)

   RedisCacheConfiguration matched:
      - @ConditionalOnClass found required class 'org.springframework.data.redis.connection.RedisConnectionFactory' (OnClassCondition)
      - Cache org.springframework.boot.autoconfigure.cache.RedisCacheConfiguration automatic cache type (CacheCondition)

   RedisReactiveAutoConfiguration matched:
      - @ConditionalOnClass found required classes 'org.springframework.data.redis.connection.ReactiveRedisConnectionFactory', 'org.springframework.data.redis.core.ReactiveRedisTemplate', 'reactor.core.publisher.Flux' (OnClassCondition)

   RepositoryMetricsAutoConfiguration matched:
      - @ConditionalOnClass found required class 'org.springframework.data.repository.Repository' (OnClassCondition)
      - @ConditionalOnBean (types: io.micrometer.core.instrument.MeterRegistry; SearchStrategy: all) found bean 'simpleMeterRegistry' (OnBeanCondition)

   RepositoryMetricsAutoConfiguration#metricsRepositoryMethodInvocationListener matched:
      - @ConditionalOnMissingBean (types: org.springframework.boot.actuate.metrics.data.MetricsRepositoryMethodInvocationListener; SearchStrategy: all) did not find any beans (OnBeanCondition)

   RepositoryMetricsAutoConfiguration#repositoryTagsProvider matched:
      - @ConditionalOnMissingBean (types: org.springframework.boot.actuate.metrics.data.RepositoryTagsProvider; SearchStrategy: all) did not find any beans (OnBeanCondition)

   RestClientAutoConfiguration matched:
      - @ConditionalOnClass found required class 'org.springframework.web.client.RestClient' (OnClassCondition)
      - NoneNestedConditions 0 matched 1 did not; NestedCondition on NotReactiveWebApplicationCondition.ReactiveWebApplication did not find reactive web application classes (NotReactiveWebApplicationCondition)

   RestClientAutoConfiguration#httpMessageConvertersRestClientCustomizer matched:
      - @ConditionalOnMissingBean (types: org.springframework.boot.autoconfigure.web.client.HttpMessageConvertersRestClientCustomizer; SearchStrategy: all) did not find any beans (OnBeanCondition)

   RestClientAutoConfiguration#restClientBuilder matched:
      - @ConditionalOnMissingBean (types: org.springframework.web.client.RestClient$Builder; SearchStrategy: all) did not find any beans (OnBeanCondition)

   RestClientAutoConfiguration#restClientBuilderConfigurer matched:
      - @ConditionalOnMissingBean (types: org.springframework.boot.autoconfigure.web.client.RestClientBuilderConfigurer; SearchStrategy: all) did not find any beans (OnBeanCondition)

   RestClientAutoConfiguration#restClientSsl matched:
      - @ConditionalOnBean (types: org.springframework.boot.ssl.SslBundles; SearchStrategy: all) found bean 'sslBundleRegistry'; @ConditionalOnMissingBean (types: org.springframework.boot.autoconfigure.web.client.RestClientSsl; SearchStrategy: all) did not find any beans (OnBeanCondition)

   RestClientObservationConfiguration matched:
      - @ConditionalOnClass found required class 'org.springframework.web.client.RestClient' (OnClassCondition)
      - @ConditionalOnBean (types: org.springframework.web.client.RestClient$Builder; SearchStrategy: all) found bean 'restClientBuilder' (OnBeanCondition)

   RestTemplateAutoConfiguration matched:
      - @ConditionalOnClass found required class 'org.springframework.web.client.RestTemplate' (OnClassCondition)
      - NoneNestedConditions 0 matched 1 did not; NestedCondition on NotReactiveWebApplicationCondition.ReactiveWebApplication did not find reactive web application classes (NotReactiveWebApplicationCondition)

   RestTemplateAutoConfiguration#restTemplateBuilder matched:
      - @ConditionalOnMissingBean (types: org.springframework.boot.web.client.RestTemplateBuilder; SearchStrategy: all) did not find any beans (OnBeanCondition)

   RestTemplateObservationConfiguration matched:
      - @ConditionalOnClass found required class 'org.springframework.web.client.RestTemplate' (OnClassCondition)
      - @ConditionalOnBean (types: org.springframework.boot.web.client.RestTemplateBuilder; SearchStrategy: all) found bean 'restTemplateBuilder' (OnBeanCondition)

   ScheduledTasksObservabilityAutoConfiguration matched:
      - @ConditionalOnClass found required class 'org.springframework.scheduling.concurrent.ThreadPoolTaskScheduler' (OnClassCondition)
      - @ConditionalOnBean (types: io.micrometer.observation.ObservationRegistry; SearchStrategy: all) found bean 'observationRegistry' (OnBeanCondition)

   ServletEndpointManagementContextConfiguration matched:
      - found 'session' scope (OnWebApplicationCondition)

   ServletEndpointManagementContextConfiguration.WebMvcServletEndpointManagementContextConfiguration matched:
      - @ConditionalOnClass found required class 'org.springframework.web.servlet.DispatcherServlet' (OnClassCondition)

   ServletManagementContextAutoConfiguration matched:
      - @ConditionalOnClass found required class 'jakarta.servlet.Servlet' (OnClassCondition)
      - found 'session' scope (OnWebApplicationCondition)

   ServletWebServerFactoryAutoConfiguration matched:
      - @ConditionalOnClass found required class 'jakarta.servlet.ServletRequest' (OnClassCondition)
      - found 'session' scope (OnWebApplicationCondition)

   ServletWebServerFactoryAutoConfiguration#tomcatServletWebServerFactoryCustomizer matched:
      - @ConditionalOnClass found required class 'org.apache.catalina.startup.Tomcat' (OnClassCondition)

   ServletWebServerFactoryConfiguration.EmbeddedTomcat matched:
      - @ConditionalOnClass found required classes 'jakarta.servlet.Servlet', 'org.apache.catalina.startup.Tomcat', 'org.apache.coyote.UpgradeProtocol' (OnClassCondition)
      - @ConditionalOnMissingBean (types: org.springframework.boot.web.servlet.server.ServletWebServerFactory; SearchStrategy: current) did not find any beans (OnBeanCondition)

   SimpleCacheConfiguration matched:
      - Cache org.springframework.boot.autoconfigure.cache.SimpleCacheConfiguration automatic cache type (CacheCondition)

   SimpleMetricsExportAutoConfiguration matched:
      - @ConditionalOnEnabledMetricsExport management.defaults.metrics.export.enabled is considered true (OnMetricsExportEnabledCondition)
      - @ConditionalOnBean (types: io.micrometer.core.instrument.Clock; SearchStrategy: all) found bean 'micrometerClock'; @ConditionalOnMissingBean (types: io.micrometer.core.instrument.MeterRegistry; SearchStrategy: all) did not find any beans (OnBeanCondition)

   SimpleMetricsExportAutoConfiguration#simpleConfig matched:
      - @ConditionalOnMissingBean (types: io.micrometer.core.instrument.simple.SimpleConfig; SearchStrategy: all) did not find any beans (OnBeanCondition)

   SpringDataWebAutoConfiguration matched:
      - @ConditionalOnClass found required classes 'org.springframework.data.web.PageableHandlerMethodArgumentResolver', 'org.springframework.web.servlet.config.annotation.WebMvcConfigurer' (OnClassCondition)
      - found 'session' scope (OnWebApplicationCondition)
      - @ConditionalOnMissingBean (types: org.springframework.data.web.PageableHandlerMethodArgumentResolver; SearchStrategy: all) did not find any beans (OnBeanCondition)

   SpringDataWebAutoConfiguration#pageableCustomizer matched:
      - @ConditionalOnMissingBean (types: org.springframework.data.web.config.PageableHandlerMethodArgumentResolverCustomizer; SearchStrategy: all) did not find any beans (OnBeanCondition)

   SpringDataWebAutoConfiguration#sortCustomizer matched:
      - @ConditionalOnMissingBean (types: org.springframework.data.web.config.SortHandlerMethodArgumentResolverCustomizer; SearchStrategy: all) did not find any beans (OnBeanCondition)

   SslAutoConfiguration#sslBundleRegistry matched:
      - @ConditionalOnMissingBean (types: org.springframework.boot.ssl.SslBundleRegistry,org.springframework.boot.ssl.SslBundles; SearchStrategy: all) did not find any beans (OnBeanCondition)

   StartupTimeMetricsListenerAutoConfiguration matched:
      - @ConditionalOnClass found required class 'io.micrometer.core.instrument.MeterRegistry' (OnClassCondition)
      - @ConditionalOnBean (types: io.micrometer.core.instrument.MeterRegistry; SearchStrategy: all) found bean 'simpleMeterRegistry' (OnBeanCondition)

   StartupTimeMetricsListenerAutoConfiguration#startupTimeMetrics matched:
      - @ConditionalOnMissingBean (types: org.springframework.boot.actuate.metrics.startup.StartupTimeMetricsListener; SearchStrategy: all) did not find any beans (OnBeanCondition)

   SystemMetricsAutoConfiguration matched:
      - @ConditionalOnClass found required class 'io.micrometer.core.instrument.MeterRegistry' (OnClassCondition)
      - @ConditionalOnBean (types: io.micrometer.core.instrument.MeterRegistry; SearchStrategy: all) found bean 'simpleMeterRegistry' (OnBeanCondition)

   SystemMetricsAutoConfiguration#diskSpaceMetrics matched:
      - @ConditionalOnMissingBean (types: org.springframework.boot.actuate.metrics.system.DiskSpaceMetricsBinder; SearchStrategy: all) did not find any beans (OnBeanCondition)

   SystemMetricsAutoConfiguration#fileDescriptorMetrics matched:
      - @ConditionalOnMissingBean (types: io.micrometer.core.instrument.binder.system.FileDescriptorMetrics; SearchStrategy: all) did not find any beans (OnBeanCondition)

   SystemMetricsAutoConfiguration#processorMetrics matched:
      - @ConditionalOnMissingBean (types: io.micrometer.core.instrument.binder.system.ProcessorMetrics; SearchStrategy: all) did not find any beans (OnBeanCondition)

   SystemMetricsAutoConfiguration#uptimeMetrics matched:
      - @ConditionalOnMissingBean (types: io.micrometer.core.instrument.binder.system.UptimeMetrics; SearchStrategy: all) did not find any beans (OnBeanCondition)

   TaskExecutionAutoConfiguration matched:
      - @ConditionalOnClass found required class 'org.springframework.scheduling.concurrent.ThreadPoolTaskExecutor' (OnClassCondition)

   TaskExecutorConfigurations.SimpleAsyncTaskExecutorBuilderConfiguration#simpleAsyncTaskExecutorBuilder matched:
      - @ConditionalOnMissingBean (types: org.springframework.boot.task.SimpleAsyncTaskExecutorBuilder; SearchStrategy: all) did not find any beans (OnBeanCondition)
      - @ConditionalOnThreading found PLATFORM (OnThreadingCondition)

   TaskExecutorConfigurations.TaskExecutorBuilderConfiguration#taskExecutorBuilder matched:
      - @ConditionalOnMissingBean (types: org.springframework.boot.task.TaskExecutorBuilder; SearchStrategy: all) did not find any beans (OnBeanCondition)

   TaskExecutorConfigurations.TaskExecutorConfiguration matched:
      - @ConditionalOnMissingBean (types: java.util.concurrent.Executor; SearchStrategy: all) did not find any beans (OnBeanCondition)

   TaskExecutorConfigurations.TaskExecutorConfiguration#applicationTaskExecutor matched:
      - @ConditionalOnThreading found PLATFORM (OnThreadingCondition)

   TaskExecutorConfigurations.ThreadPoolTaskExecutorBuilderConfiguration#threadPoolTaskExecutorBuilder matched:
      - @ConditionalOnMissingBean (types: org.springframework.boot.task.TaskExecutorBuilder,org.springframework.boot.task.ThreadPoolTaskExecutorBuilder; SearchStrategy: all) did not find any beans (OnBeanCondition)

   TaskExecutorMetricsAutoConfiguration matched:
      - @ConditionalOnClass found required class 'io.micrometer.core.instrument.binder.jvm.ExecutorServiceMetrics' (OnClassCondition)
      - @ConditionalOnBean (types: java.util.concurrent.Executor,io.micrometer.core.instrument.MeterRegistry; SearchStrategy: all) found beans 'applicationTaskExecutor', 'simpleMeterRegistry', 'taskScheduler' (OnBeanCondition)

   TaskSchedulingAutoConfiguration matched:
      - @ConditionalOnClass found required class 'org.springframework.scheduling.concurrent.ThreadPoolTaskScheduler' (OnClassCondition)

   TaskSchedulingAutoConfiguration#scheduledBeanLazyInitializationExcludeFilter matched:
      - @ConditionalOnBean (names: org.springframework.context.annotation.internalScheduledAnnotationProcessor; SearchStrategy: all) found bean 'org.springframework.context.annotation.internalScheduledAnnotationProcessor' (OnBeanCondition)

   TaskSchedulingConfigurations.SimpleAsyncTaskSchedulerBuilderConfiguration#simpleAsyncTaskSchedulerBuilder matched:
      - @ConditionalOnMissingBean (types: org.springframework.boot.task.SimpleAsyncTaskSchedulerBuilder; SearchStrategy: all) did not find any beans (OnBeanCondition)
      - @ConditionalOnThreading found PLATFORM (OnThreadingCondition)

   TaskSchedulingConfigurations.TaskSchedulerBuilderConfiguration#taskSchedulerBuilder matched:
      - @ConditionalOnMissingBean (types: org.springframework.boot.task.TaskSchedulerBuilder; SearchStrategy: all) did not find any beans (OnBeanCondition)

   TaskSchedulingConfigurations.TaskSchedulerConfiguration matched:
      - @ConditionalOnBean (names: org.springframework.context.annotation.internalScheduledAnnotationProcessor; SearchStrategy: all) found bean 'org.springframework.context.annotation.internalScheduledAnnotationProcessor'; @ConditionalOnMissingBean (types: org.springframework.scheduling.TaskScheduler,java.util.concurrent.ScheduledExecutorService; SearchStrategy: all) did not find any beans (OnBeanCondition)

   TaskSchedulingConfigurations.TaskSchedulerConfiguration#taskScheduler matched:
      - @ConditionalOnThreading found PLATFORM (OnThreadingCondition)

   TaskSchedulingConfigurations.ThreadPoolTaskSchedulerBuilderConfiguration#threadPoolTaskSchedulerBuilder matched:
      - @ConditionalOnMissingBean (types: org.springframework.boot.task.TaskSchedulerBuilder,org.springframework.boot.task.ThreadPoolTaskSchedulerBuilder; SearchStrategy: all) did not find any beans (OnBeanCondition)

   TemplateEngineConfigurations.DefaultTemplateEngineConfiguration#templateEngine matched:
      - @ConditionalOnMissingBean (types: org.thymeleaf.spring6.ISpringTemplateEngine; SearchStrategy: all) did not find any beans (OnBeanCondition)

   ThymeleafAutoConfiguration matched:
      - @ConditionalOnClass found required classes 'org.thymeleaf.templatemode.TemplateMode', 'org.thymeleaf.spring6.SpringTemplateEngine' (OnClassCondition)

   ThymeleafAutoConfiguration.DefaultTemplateResolverConfiguration matched:
      - @ConditionalOnMissingBean (names: defaultTemplateResolver; SearchStrategy: all) did not find any beans (OnBeanCondition)

   ThymeleafAutoConfiguration.ThymeleafWebLayoutConfiguration matched:
      - @ConditionalOnClass found required class 'nz.net.ultraq.thymeleaf.layoutdialect.LayoutDialect' (OnClassCondition)

   ThymeleafAutoConfiguration.ThymeleafWebLayoutConfiguration#layoutDialect matched:
      - @ConditionalOnMissingBean (types: nz.net.ultraq.thymeleaf.layoutdialect.LayoutDialect; SearchStrategy: all) did not find any beans (OnBeanCondition)

   ThymeleafAutoConfiguration.ThymeleafWebMvcConfiguration matched:
      - found 'session' scope (OnWebApplicationCondition)
      - @ConditionalOnProperty (spring.thymeleaf.enabled) matched (OnPropertyCondition)

   ThymeleafAutoConfiguration.ThymeleafWebMvcConfiguration.ThymeleafViewResolverConfiguration#thymeleafViewResolver matched:
      - @ConditionalOnMissingBean (names: thymeleafViewResolver; SearchStrategy: all) did not find any beans (OnBeanCondition)

   TomcatMetricsAutoConfiguration matched:
      - @ConditionalOnClass found required classes 'io.micrometer.core.instrument.binder.tomcat.TomcatMetrics', 'org.apache.catalina.Manager' (OnClassCondition)
      - @ConditionalOnWebApplication (required) found 'session' scope (OnWebApplicationCondition)

   TomcatMetricsAutoConfiguration#tomcatMetricsBinder matched:
      - @ConditionalOnBean (types: io.micrometer.core.instrument.MeterRegistry; SearchStrategy: all) found bean 'simpleMeterRegistry'; @ConditionalOnMissingBean (types: io.micrometer.core.instrument.binder.tomcat.TomcatMetrics,org.springframework.boot.actuate.metrics.web.tomcat.TomcatMetricsBinder; SearchStrategy: all) did not find any beans (OnBeanCondition)

   TransactionAutoConfiguration matched:
      - @ConditionalOnClass found required class 'org.springframework.transaction.PlatformTransactionManager' (OnClassCondition)

   TransactionAutoConfiguration.EnableTransactionManagementConfiguration matched:
      - @ConditionalOnBean (types: org.springframework.transaction.TransactionManager; SearchStrategy: all) found bean 'transactionManager'; @ConditionalOnMissingBean (types: org.springframework.transaction.annotation.AbstractTransactionManagementConfiguration; SearchStrategy: all) did not find any beans (OnBeanCondition)

   TransactionAutoConfiguration.EnableTransactionManagementConfiguration.CglibAutoProxyConfiguration matched:
      - @ConditionalOnProperty (spring.aop.proxy-target-class=true) matched (OnPropertyCondition)

   TransactionAutoConfiguration.TransactionTemplateConfiguration matched:
      - @ConditionalOnSingleCandidate (types: org.springframework.transaction.PlatformTransactionManager; SearchStrategy: all) found a single bean 'transactionManager' (OnBeanCondition)

   TransactionAutoConfiguration.TransactionTemplateConfiguration#transactionTemplate matched:
      - @ConditionalOnMissingBean (types: org.springframework.transaction.support.TransactionOperations; SearchStrategy: all) did not find any beans (OnBeanCondition)

   TransactionManagerCustomizationAutoConfiguration matched:
      - @ConditionalOnClass found required class 'org.springframework.transaction.PlatformTransactionManager' (OnClassCondition)

   TransactionManagerCustomizationAutoConfiguration#platformTransactionManagerCustomizers matched:
      - @ConditionalOnMissingBean (types: org.springframework.boot.autoconfigure.transaction.TransactionManagerCustomizers; SearchStrategy: all) did not find any beans (OnBeanCondition)

   ValidationAutoConfiguration matched:
      - @ConditionalOnClass found required class 'jakarta.validation.executable.ExecutableValidator' (OnClassCondition)
      - @ConditionalOnResource found location classpath:META-INF/services/jakarta.validation.spi.ValidationProvider (OnResourceCondition)

   ValidationAutoConfiguration#defaultValidator matched:
      - @ConditionalOnMissingBean (types: jakarta.validation.Validator; SearchStrategy: all) did not find any beans (OnBeanCondition)

   ValidationAutoConfiguration#methodValidationPostProcessor matched:
      - @ConditionalOnMissingBean (types: org.springframework.validation.beanvalidation.MethodValidationPostProcessor; SearchStrategy: current) did not find any beans (OnBeanCondition)

   WebEndpointAutoConfiguration matched:
      - @ConditionalOnWebApplication (required) found 'session' scope (OnWebApplicationCondition)

   WebEndpointAutoConfiguration#controllerEndpointDiscoverer matched:
      - @ConditionalOnMissingBean (types: org.springframework.boot.actuate.endpoint.web.annotation.ControllerEndpointsSupplier; SearchStrategy: all) did not find any beans (OnBeanCondition)

   WebEndpointAutoConfiguration#endpointMediaTypes matched:
      - @ConditionalOnMissingBean (types: org.springframework.boot.actuate.endpoint.web.EndpointMediaTypes; SearchStrategy: all) did not find any beans (OnBeanCondition)

   WebEndpointAutoConfiguration#pathMappedEndpoints matched:
      - @ConditionalOnMissingBean (types: org.springframework.boot.actuate.endpoint.web.PathMappedEndpoints; SearchStrategy: all) did not find any beans (OnBeanCondition)

   WebEndpointAutoConfiguration#webEndpointDiscoverer matched:
      - @ConditionalOnMissingBean (types: org.springframework.boot.actuate.endpoint.web.WebEndpointsSupplier; SearchStrategy: all) did not find any beans (OnBeanCondition)

   WebEndpointAutoConfiguration.WebEndpointServletConfiguration matched:
      - found 'session' scope (OnWebApplicationCondition)

   WebEndpointAutoConfiguration.WebEndpointServletConfiguration#servletEndpointDiscoverer matched:
      - @ConditionalOnMissingBean (types: org.springframework.boot.actuate.endpoint.web.annotation.ServletEndpointsSupplier; SearchStrategy: all) did not find any beans (OnBeanCondition)

   WebMvcAutoConfiguration matched:
      - @ConditionalOnClass found required classes 'jakarta.servlet.Servlet', 'org.springframework.web.servlet.DispatcherServlet', 'org.springframework.web.servlet.config.annotation.WebMvcConfigurer' (OnClassCondition)
      - found 'session' scope (OnWebApplicationCondition)
      - @ConditionalOnMissingBean (types: org.springframework.web.servlet.config.annotation.WebMvcConfigurationSupport; SearchStrategy: all) did not find any beans (OnBeanCondition)

   WebMvcAutoConfiguration#formContentFilter matched:
      - @ConditionalOnProperty (spring.mvc.formcontent.filter.enabled) matched (OnPropertyCondition)
      - @ConditionalOnMissingBean (types: org.springframework.web.filter.FormContentFilter; SearchStrategy: all) did not find any beans (OnBeanCondition)

   WebMvcAutoConfiguration.EnableWebMvcConfiguration#flashMapManager matched:
      - @ConditionalOnMissingBean (names: flashMapManager; SearchStrategy: all) did not find any beans (OnBeanCondition)

   WebMvcAutoConfiguration.EnableWebMvcConfiguration#localeResolver matched:
      - @ConditionalOnMissingBean (names: localeResolver; SearchStrategy: all) did not find any beans (OnBeanCondition)

   WebMvcAutoConfiguration.EnableWebMvcConfiguration#themeResolver matched:
      - @ConditionalOnMissingBean (names: themeResolver; SearchStrategy: all) did not find any beans (OnBeanCondition)

   WebMvcAutoConfiguration.WebMvcAutoConfigurationAdapter#defaultViewResolver matched:
      - @ConditionalOnMissingBean (types: org.springframework.web.servlet.view.InternalResourceViewResolver; SearchStrategy: all) did not find any beans (OnBeanCondition)

   WebMvcAutoConfiguration.WebMvcAutoConfigurationAdapter#requestContextFilter matched:
      - @ConditionalOnMissingBean (types: org.springframework.web.context.request.RequestContextListener,org.springframework.web.filter.RequestContextFilter; SearchStrategy: all) did not find any beans (OnBeanCondition)

   WebMvcAutoConfiguration.WebMvcAutoConfigurationAdapter#viewResolver matched:
      - @ConditionalOnBean (types: org.springframework.web.servlet.ViewResolver; SearchStrategy: all) found beans 'defaultViewResolver', 'beanNameViewResolver', 'mvcViewResolver'; @ConditionalOnMissingBean (names: viewResolver types: org.springframework.web.servlet.view.ContentNegotiatingViewResolver; SearchStrategy: all) did not find any beans (OnBeanCondition)

   WebMvcEndpointManagementContextConfiguration matched:
      - @ConditionalOnClass found required class 'org.springframework.web.servlet.DispatcherServlet' (OnClassCondition)
      - found 'session' scope (OnWebApplicationCondition)
      - @ConditionalOnBean (types: org.springframework.web.servlet.DispatcherServlet,org.springframework.boot.actuate.endpoint.web.WebEndpointsSupplier; SearchStrategy: all) found beans 'webEndpointDiscoverer', 'dispatcherServlet' (OnBeanCondition)

   WebMvcEndpointManagementContextConfiguration#controllerEndpointHandlerMapping matched:
      - @ConditionalOnMissingBean (types: org.springframework.boot.actuate.endpoint.web.servlet.ControllerEndpointHandlerMapping; SearchStrategy: all) did not find any beans (OnBeanCondition)

   WebMvcEndpointManagementContextConfiguration#endpointObjectMapperWebMvcConfigurer matched:
      - @ConditionalOnBean (types: org.springframework.boot.actuate.endpoint.jackson.EndpointObjectMapper; SearchStrategy: all) found bean 'endpointObjectMapper' (OnBeanCondition)

   WebMvcEndpointManagementContextConfiguration#webEndpointServletHandlerMapping matched:
      - @ConditionalOnMissingBean (types: org.springframework.boot.actuate.endpoint.web.servlet.WebMvcEndpointHandlerMapping; SearchStrategy: all) did not find any beans (OnBeanCondition)

   WebMvcObservationAutoConfiguration matched:
      - @ConditionalOnClass found required classes 'org.springframework.web.servlet.DispatcherServlet', 'io.micrometer.observation.Observation' (OnClassCondition)
      - found 'session' scope (OnWebApplicationCondition)
      - @ConditionalOnBean (types: io.micrometer.observation.ObservationRegistry; SearchStrategy: all) found bean 'observationRegistry' (OnBeanCondition)

   WebMvcObservationAutoConfiguration#webMvcObservationFilter matched:
      - @ConditionalOnMissingBean (types: org.springframework.web.filter.ServerHttpObservationFilter; SearchStrategy: all) did not find any beans (OnBeanCondition)

   WebMvcObservationAutoConfiguration.MeterFilterConfiguration matched:
      - @ConditionalOnClass found required class 'io.micrometer.core.instrument.MeterRegistry' (OnClassCondition)
      - @ConditionalOnBean (types: io.micrometer.core.instrument.MeterRegistry; SearchStrategy: all) found bean 'simpleMeterRegistry' (OnBeanCondition)

   WebSocketServletAutoConfiguration matched:
      - @ConditionalOnClass found required classes 'jakarta.servlet.Servlet', 'jakarta.websocket.server.ServerContainer' (OnClassCondition)
      - found 'session' scope (OnWebApplicationCondition)

   WebSocketServletAutoConfiguration.TomcatWebSocketConfiguration matched:
      - @ConditionalOnClass found required classes 'org.apache.catalina.startup.Tomcat', 'org.apache.tomcat.websocket.server.WsSci' (OnClassCondition)

   WebSocketServletAutoConfiguration.TomcatWebSocketConfiguration#websocketServletWebServerCustomizer matched:
      - @ConditionalOnMissingBean (names: websocketServletWebServerCustomizer; SearchStrategy: all) did not find any beans (OnBeanCondition)


Negative matches:
-----------------

   ActiveMQAutoConfiguration:
      Did not match:
         - @ConditionalOnClass did not find required class 'jakarta.jms.ConnectionFactory' (OnClassCondition)

   AopAutoConfiguration.AspectJAutoProxyingConfiguration.JdkDynamicAutoProxyConfiguration:
      Did not match:
         - @ConditionalOnProperty (spring.aop.proxy-target-class=false) did not find property 'proxy-target-class' (OnPropertyCondition)

   AopAutoConfiguration.ClassProxyingConfiguration:
      Did not match:
         - @ConditionalOnMissingClass found unwanted class 'org.aspectj.weaver.Advice' (OnClassCondition)

   AppOpticsMetricsExportAutoConfiguration:
      Did not match:
         - @ConditionalOnClass did not find required class 'io.micrometer.appoptics.AppOpticsMeterRegistry' (OnClassCondition)

   ArtemisAutoConfiguration:
      Did not match:
         - @ConditionalOnClass did not find required class 'jakarta.jms.ConnectionFactory' (OnClassCondition)

   AtlasMetricsExportAutoConfiguration:
      Did not match:
         - @ConditionalOnClass did not find required class 'io.micrometer.atlas.AtlasMeterRegistry' (OnClassCondition)

   AuditAutoConfiguration:
      Did not match:
         - @ConditionalOnBean (types: org.springframework.boot.actuate.audit.AuditEventRepository; SearchStrategy: all) did not find any beans of type org.springframework.boot.actuate.audit.AuditEventRepository (OnBeanCondition)
      Matched:
         - @ConditionalOnProperty (management.auditevents.enabled) matched (OnPropertyCondition)

   AuditEventsEndpointAutoConfiguration:
      Did not match:
         - @ConditionalOnAvailableEndpoint no 'management.endpoints' property marked it as exposed (OnAvailableEndpointCondition)

   AvailabilityHealthContributorAutoConfiguration#livenessStateHealthIndicator:
      Did not match:
         - @ConditionalOnProperty (management.health.livenessstate.enabled=true) did not find property 'enabled' (OnPropertyCondition)

   AvailabilityHealthContributorAutoConfiguration#readinessStateHealthIndicator:
      Did not match:
         - @ConditionalOnProperty (management.health.readinessstate.enabled=true) did not find property 'enabled' (OnPropertyCondition)

   AvailabilityProbesAutoConfiguration:
      Did not match:
         - Probes availability not running on a supported cloud platform (AvailabilityProbesAutoConfiguration.ProbesCondition)

   BatchAutoConfiguration:
      Did not match:
         - @ConditionalOnClass did not find required class 'org.springframework.batch.core.launch.JobLauncher' (OnClassCondition)

   BatchObservationAutoConfiguration:
      Did not match:
         - @ConditionalOnClass did not find required class 'org.springframework.batch.core.configuration.annotation.BatchObservabilityBeanPostProcessor' (OnClassCondition)

   BeansEndpointAutoConfiguration:
      Did not match:
         - @ConditionalOnAvailableEndpoint no 'management.endpoints' property marked it as exposed (OnAvailableEndpointCondition)

   BraveAutoConfiguration:
      Did not match:
         - @ConditionalOnClass did not find required class 'brave.Tracer' (OnClassCondition)

   Cache2kCacheConfiguration:
      Did not match:
         - @ConditionalOnClass did not find required class 'org.cache2k.Cache2kBuilder' (OnClassCondition)

   CacheAutoConfiguration:
      Did not match:
         - @ConditionalOnMissingBean (names: cacheResolver types: org.springframework.cache.CacheManager; SearchStrategy: all) found beans of type 'org.springframework.cache.CacheManager' memoryCacheManager (OnBeanCondition)
      Matched:
         - @ConditionalOnClass found required class 'org.springframework.cache.CacheManager' (OnClassCondition)

   CacheAutoConfiguration.CacheManagerEntityManagerFactoryDependsOnPostProcessor:
      Did not match:
         - Ancestor org.springframework.boot.autoconfigure.cache.CacheAutoConfiguration did not match (ConditionEvaluationReport.AncestorsMatchedCondition)
      Matched:
         - @ConditionalOnClass found required class 'org.springframework.orm.jpa.LocalContainerEntityManagerFactoryBean' (OnClassCondition)

   CacheMeterBinderProvidersConfiguration.Cache2kCacheMeterBinderProviderConfiguration:
      Did not match:
         - @ConditionalOnClass did not find required classes 'org.cache2k.Cache2kBuilder', 'org.cache2k.extra.spring.SpringCache2kCache', 'org.cache2k.extra.micrometer.Cache2kCacheMetrics' (OnClassCondition)

   CacheMeterBinderProvidersConfiguration.CaffeineCacheMeterBinderProviderConfiguration:
      Did not match:
         - @ConditionalOnClass did not find required class 'com.github.benmanes.caffeine.cache.Cache' (OnClassCondition)

   CacheMeterBinderProvidersConfiguration.HazelcastCacheMeterBinderProviderConfiguration:
      Did not match:
         - @ConditionalOnClass did not find required classes 'com.hazelcast.spring.cache.HazelcastCache', 'com.hazelcast.core.Hazelcast' (OnClassCondition)

   CacheMeterBinderProvidersConfiguration.JCacheCacheMeterBinderProviderConfiguration:
      Did not match:
         - @ConditionalOnClass did not find required class 'javax.cache.CacheManager' (OnClassCondition)

   CachesEndpointAutoConfiguration:
      Did not match:
         - @ConditionalOnAvailableEndpoint no 'management.endpoints' property marked it as exposed (OnAvailableEndpointCondition)
      Matched:
         - @ConditionalOnClass found required class 'org.springframework.cache.CacheManager' (OnClassCondition)

   CaffeineCacheConfiguration:
      Did not match:
         - @ConditionalOnClass did not find required class 'com.github.benmanes.caffeine.cache.Caffeine' (OnClassCondition)

   CassandraAutoConfiguration:
      Did not match:
         - @ConditionalOnClass did not find required class 'com.datastax.oss.driver.api.core.CqlSession' (OnClassCondition)

   CassandraDataAutoConfiguration:
      Did not match:
         - @ConditionalOnClass did not find required class 'com.datastax.oss.driver.api.core.CqlSession' (OnClassCondition)

   CassandraHealthContributorAutoConfiguration:
      Did not match:
         - @ConditionalOnClass did not find required class 'com.datastax.oss.driver.api.core.CqlSession' (OnClassCondition)

   CassandraReactiveDataAutoConfiguration:
      Did not match:
         - @ConditionalOnClass did not find required class 'com.datastax.oss.driver.api.core.CqlSession' (OnClassCondition)

   CassandraReactiveHealthContributorAutoConfiguration:
      Did not match:
         - @ConditionalOnClass did not find required class 'com.datastax.oss.driver.api.core.CqlSession' (OnClassCondition)

   CassandraReactiveRepositoriesAutoConfiguration:
      Did not match:
         - @ConditionalOnClass did not find required class 'org.springframework.data.cassandra.ReactiveSession' (OnClassCondition)

   CassandraRepositoriesAutoConfiguration:
      Did not match:
         - @ConditionalOnClass did not find required class 'com.datastax.oss.driver.api.core.CqlSession' (OnClassCondition)

   ClientHttpConnectorAutoConfiguration:
      Did not match:
         - @ConditionalOnClass did not find required class 'org.springframework.web.reactive.function.client.WebClient' (OnClassCondition)

   CloudFoundryActuatorAutoConfiguration:
      Did not match:
         - @ConditionalOnCloudPlatform did not find CLOUD_FOUNDRY (OnCloudPlatformCondition)
      Matched:
         - @ConditionalOnClass found required class 'org.springframework.web.servlet.DispatcherServlet' (OnClassCondition)
         - found 'session' scope (OnWebApplicationCondition)
         - @ConditionalOnProperty (management.cloudfoundry.enabled) matched (OnPropertyCondition)

   CodecsAutoConfiguration:
      Did not match:
         - @ConditionalOnClass did not find required class 'org.springframework.web.reactive.function.client.WebClient' (OnClassCondition)

   CompositeMeterRegistryConfiguration:
      Did not match:
         - NoneNestedConditions 1 matched 1 did not; NestedCondition on CompositeMeterRegistryConfiguration.MultipleNonPrimaryMeterRegistriesCondition.SingleInjectableMeterRegistry @ConditionalOnSingleCandidate (types: io.micrometer.core.instrument.MeterRegistry; SearchStrategy: all) found a single bean 'simpleMeterRegistry'; NestedCondition on CompositeMeterRegistryConfiguration.MultipleNonPrimaryMeterRegistriesCondition.NoMeterRegistryCondition @ConditionalOnMissingBean (types: io.micrometer.core.instrument.MeterRegistry; SearchStrategy: all) found beans of type 'io.micrometer.core.instrument.MeterRegistry' simpleMeterRegistry (CompositeMeterRegistryConfiguration.MultipleNonPrimaryMeterRegistriesCondition)

   ConditionsReportEndpointAutoConfiguration:
      Did not match:
         - @ConditionalOnAvailableEndpoint no 'management.endpoints' property marked it as exposed (OnAvailableEndpointCondition)

   ConfigurationPropertiesReportEndpointAutoConfiguration:
      Did not match:
         - @ConditionalOnAvailableEndpoint no 'management.endpoints' property marked it as exposed (OnAvailableEndpointCondition)

   ConnectionFactoryHealthContributorAutoConfiguration:
      Did not match:
         - @ConditionalOnClass did not find required class 'io.r2dbc.spi.ConnectionFactory' (OnClassCondition)

   ConnectionPoolMetricsAutoConfiguration:
      Did not match:
         - @ConditionalOnClass did not find required class 'io.r2dbc.pool.ConnectionPool' (OnClassCondition)

   CouchbaseAutoConfiguration:
      Did not match:
         - @ConditionalOnClass did not find required class 'com.couchbase.client.java.Cluster' (OnClassCondition)

   CouchbaseCacheConfiguration:
      Did not match:
         - @ConditionalOnClass did not find required class 'com.couchbase.client.java.Cluster' (OnClassCondition)

   CouchbaseDataAutoConfiguration:
      Did not match:
         - @ConditionalOnClass did not find required class 'com.couchbase.client.java.Bucket' (OnClassCondition)

   CouchbaseHealthContributorAutoConfiguration:
      Did not match:
         - @ConditionalOnClass did not find required class 'com.couchbase.client.java.Cluster' (OnClassCondition)

   CouchbaseReactiveDataAutoConfiguration:
      Did not match:
         - @ConditionalOnClass did not find required class 'com.couchbase.client.java.Cluster' (OnClassCondition)

   CouchbaseReactiveHealthContributorAutoConfiguration:
      Did not match:
         - @ConditionalOnClass did not find required class 'com.couchbase.client.java.Cluster' (OnClassCondition)

   CouchbaseReactiveRepositoriesAutoConfiguration:
      Did not match:
         - @ConditionalOnClass did not find required class 'com.couchbase.client.java.Cluster' (OnClassCondition)

   CouchbaseRepositoriesAutoConfiguration:
      Did not match:
         - @ConditionalOnClass did not find required class 'com.couchbase.client.java.Bucket' (OnClassCondition)

   DataSourceAutoConfiguration.EmbeddedDatabaseConfiguration:
      Did not match:
         - EmbeddedDataSource spring.datasource.url is set (DataSourceAutoConfiguration.EmbeddedDatabaseCondition)

   DataSourceCheckpointRestoreConfiguration:
      Did not match:
         - @ConditionalOnClass did not find required class 'org.crac.Resource' (OnClassCondition)

   DataSourceConfiguration.Dbcp2:
      Did not match:
         - @ConditionalOnClass did not find required class 'org.apache.commons.dbcp2.BasicDataSource' (OnClassCondition)

   DataSourceConfiguration.Generic:
      Did not match:
         - @ConditionalOnProperty (spring.datasource.type) did not find property 'spring.datasource.type' (OnPropertyCondition)

   DataSourceConfiguration.OracleUcp:
      Did not match:
         - @ConditionalOnClass did not find required classes 'oracle.ucp.jdbc.PoolDataSourceImpl', 'oracle.jdbc.OracleConnection' (OnClassCondition)

   DataSourceConfiguration.Tomcat:
      Did not match:
         - @ConditionalOnClass did not find required class 'org.apache.tomcat.jdbc.pool.DataSource' (OnClassCondition)

   DataSourceJmxConfiguration.TomcatDataSourceJmxConfiguration:
      Did not match:
         - @ConditionalOnClass did not find required class 'org.apache.tomcat.jdbc.pool.DataSourceProxy' (OnClassCondition)

   DataSourcePoolMetadataProvidersConfiguration.CommonsDbcp2PoolDataSourceMetadataProviderConfiguration:
      Did not match:
         - @ConditionalOnClass did not find required class 'org.apache.commons.dbcp2.BasicDataSource' (OnClassCondition)

   DataSourcePoolMetadataProvidersConfiguration.OracleUcpPoolDataSourceMetadataProviderConfiguration:
      Did not match:
         - @ConditionalOnClass did not find required classes 'oracle.ucp.jdbc.PoolDataSource', 'oracle.jdbc.OracleConnection' (OnClassCondition)

   DataSourcePoolMetadataProvidersConfiguration.TomcatDataSourcePoolMetadataProviderConfiguration:
      Did not match:
         - @ConditionalOnClass did not find required class 'org.apache.tomcat.jdbc.pool.DataSource' (OnClassCondition)

   DataSourceTransactionManagerAutoConfiguration.JdbcTransactionManagerConfiguration#transactionManager:
      Did not match:
         - @ConditionalOnMissingBean (types: org.springframework.transaction.TransactionManager; SearchStrategy: all) found beans of type 'org.springframework.transaction.TransactionManager' transactionManager (OnBeanCondition)

   DatadogMetricsExportAutoConfiguration:
      Did not match:
         - @ConditionalOnClass did not find required class 'io.micrometer.datadog.DatadogMeterRegistry' (OnClassCondition)

   DevToolsR2dbcAutoConfiguration:
      Did not match:
         - @ConditionalOnClass did not find required class 'io.r2dbc.spi.ConnectionFactory' (OnClassCondition)

   DispatcherServletAutoConfiguration.DispatcherServletConfiguration#multipartResolver:
      Did not match:
         - @ConditionalOnBean (types: org.springframework.web.multipart.MultipartResolver; SearchStrategy: all) did not find any beans of type org.springframework.web.multipart.MultipartResolver (OnBeanCondition)

   DynatraceMetricsExportAutoConfiguration:
      Did not match:
         - @ConditionalOnClass did not find required class 'io.micrometer.dynatrace.DynatraceMeterRegistry' (OnClassCondition)

   ElasticMetricsExportAutoConfiguration:
      Did not match:
         - @ConditionalOnClass did not find required class 'io.micrometer.elastic.ElasticMeterRegistry' (OnClassCondition)

   ElasticsearchClientAutoConfiguration:
      Did not match:
         - @ConditionalOnClass did not find required class 'co.elastic.clients.elasticsearch.ElasticsearchClient' (OnClassCondition)

   ElasticsearchDataAutoConfiguration:
      Did not match:
         - @ConditionalOnClass did not find required class 'org.springframework.data.elasticsearch.client.elc.ElasticsearchTemplate' (OnClassCondition)

   ElasticsearchReactiveHealthContributorAutoConfiguration:
      Did not match:
         - @ConditionalOnClass did not find required class 'org.springframework.data.elasticsearch.client.elc.ReactiveElasticsearchClient' (OnClassCondition)

   ElasticsearchRepositoriesAutoConfiguration:
      Did not match:
         - @ConditionalOnClass did not find required class 'org.springframework.data.elasticsearch.repository.ElasticsearchRepository' (OnClassCondition)

   ElasticsearchRestClientAutoConfiguration:
      Did not match:
         - @ConditionalOnClass did not find required class 'org.elasticsearch.client.RestClientBuilder' (OnClassCondition)

   ElasticsearchRestHealthContributorAutoConfiguration:
      Did not match:
         - @ConditionalOnClass did not find required class 'org.elasticsearch.client.RestClient' (OnClassCondition)

   EmbeddedLdapAutoConfiguration:
      Did not match:
         - @ConditionalOnClass did not find required class 'com.unboundid.ldap.listener.InMemoryDirectoryServer' (OnClassCondition)

   EmbeddedWebServerFactoryCustomizerAutoConfiguration.JettyWebServerFactoryCustomizerConfiguration:
      Did not match:
         - @ConditionalOnClass did not find required classes 'org.eclipse.jetty.server.Server', 'org.eclipse.jetty.util.Loader', 'org.eclipse.jetty.ee10.webapp.WebAppContext' (OnClassCondition)

   EmbeddedWebServerFactoryCustomizerAutoConfiguration.NettyWebServerFactoryCustomizerConfiguration:
      Did not match:
         - @ConditionalOnClass did not find required class 'reactor.netty.http.server.HttpServer' (OnClassCondition)

   EmbeddedWebServerFactoryCustomizerAutoConfiguration.TomcatWebServerFactoryCustomizerConfiguration#tomcatVirtualThreadsProtocolHandlerCustomizer:
      Did not match:
         - @ConditionalOnThreading did not find VIRTUAL (OnThreadingCondition)

   EmbeddedWebServerFactoryCustomizerAutoConfiguration.UndertowWebServerFactoryCustomizerConfiguration:
      Did not match:
         - @ConditionalOnClass did not find required classes 'io.undertow.Undertow', 'org.xnio.SslClientAuthMode' (OnClassCondition)

   EnvironmentEndpointAutoConfiguration:
      Did not match:
         - @ConditionalOnAvailableEndpoint no 'management.endpoints' property marked it as exposed (OnAvailableEndpointCondition)

   ErrorWebFluxAutoConfiguration:
      Did not match:
         - @ConditionalOnClass did not find required class 'org.springframework.web.reactive.config.WebFluxConfigurer' (OnClassCondition)

   FlywayAutoConfiguration:
      Did not match:
         - @ConditionalOnClass did not find required class 'org.flywaydb.core.Flyway' (OnClassCondition)

   FlywayEndpointAutoConfiguration:
      Did not match:
         - @ConditionalOnClass did not find required class 'org.flywaydb.core.Flyway' (OnClassCondition)

   FreeMarkerAutoConfiguration:
      Did not match:
         - @ConditionalOnClass did not find required class 'freemarker.template.Configuration' (OnClassCondition)

   GangliaMetricsExportAutoConfiguration:
      Did not match:
         - @ConditionalOnClass did not find required class 'io.micrometer.ganglia.GangliaMeterRegistry' (OnClassCondition)

   GraphQlAutoConfiguration:
      Did not match:
         - @ConditionalOnClass did not find required class 'graphql.GraphQL' (OnClassCondition)

   GraphQlObservationAutoConfiguration:
      Did not match:
         - @ConditionalOnClass did not find required class 'graphql.GraphQL' (OnClassCondition)

   GraphQlQueryByExampleAutoConfiguration:
      Did not match:
         - @ConditionalOnClass did not find required class 'graphql.GraphQL' (OnClassCondition)

   GraphQlQuerydslAutoConfiguration:
      Did not match:
         - @ConditionalOnClass did not find required class 'com.querydsl.core.Query' (OnClassCondition)

   GraphQlRSocketAutoConfiguration:
      Did not match:
         - @ConditionalOnClass did not find required class 'graphql.GraphQL' (OnClassCondition)

   GraphQlReactiveQueryByExampleAutoConfiguration:
      Did not match:
         - @ConditionalOnClass did not find required class 'graphql.GraphQL' (OnClassCondition)

   GraphQlReactiveQuerydslAutoConfiguration:
      Did not match:
         - @ConditionalOnClass did not find required class 'com.querydsl.core.Query' (OnClassCondition)

   GraphQlWebFluxAutoConfiguration:
      Did not match:
         - @ConditionalOnClass did not find required class 'graphql.GraphQL' (OnClassCondition)

   GraphQlWebFluxSecurityAutoConfiguration:
      Did not match:
         - @ConditionalOnClass did not find required class 'graphql.GraphQL' (OnClassCondition)

   GraphQlWebMvcAutoConfiguration:
      Did not match:
         - @ConditionalOnClass did not find required class 'graphql.GraphQL' (OnClassCondition)

   GraphQlWebMvcSecurityAutoConfiguration:
      Did not match:
         - @ConditionalOnClass did not find required class 'graphql.GraphQL' (OnClassCondition)

   GraphiteMetricsExportAutoConfiguration:
      Did not match:
         - @ConditionalOnClass did not find required class 'io.micrometer.graphite.GraphiteMeterRegistry' (OnClassCondition)

   GroovyTemplateAutoConfiguration:
      Did not match:
         - @ConditionalOnClass did not find required class 'groovy.text.markup.MarkupTemplateEngine' (OnClassCondition)

   GsonAutoConfiguration:
      Did not match:
         - @ConditionalOnClass did not find required class 'com.google.gson.Gson' (OnClassCondition)

   GsonHttpMessageConvertersConfiguration:
      Did not match:
         - @ConditionalOnClass did not find required class 'com.google.gson.Gson' (OnClassCondition)

   HazelcastAutoConfiguration:
      Did not match:
         - @ConditionalOnClass did not find required class 'com.hazelcast.core.HazelcastInstance' (OnClassCondition)

   HazelcastCacheConfiguration:
      Did not match:
         - @ConditionalOnClass did not find required class 'com.hazelcast.core.HazelcastInstance' (OnClassCondition)

   HazelcastHealthContributorAutoConfiguration:
      Did not match:
         - @ConditionalOnClass did not find required class 'com.hazelcast.core.HazelcastInstance' (OnClassCondition)

   HazelcastJpaDependencyAutoConfiguration:
      Did not match:
         - @ConditionalOnClass did not find required class 'com.hazelcast.core.HazelcastInstance' (OnClassCondition)

   HealthEndpointReactiveWebExtensionConfiguration:
      Did not match:
         - did not find reactive web application classes (OnWebApplicationCondition)

   HealthEndpointWebExtensionConfiguration.JerseyAdditionalHealthEndpointPathsConfiguration:
      Did not match:
         - @ConditionalOnClass did not find required class 'org.glassfish.jersey.server.ResourceConfig' (OnClassCondition)

   HeapDumpWebEndpointAutoConfiguration:
      Did not match:
         - @ConditionalOnAvailableEndpoint no 'management.endpoints' property marked it as exposed (OnAvailableEndpointCondition)

   HibernateMetricsAutoConfiguration:
      Did not match:
         - @ConditionalOnClass did not find required class 'org.hibernate.stat.HibernateMetrics' (OnClassCondition)

   HttpExchangesAutoConfiguration:
      Did not match:
         - @ConditionalOnBean (types: org.springframework.boot.actuate.web.exchanges.HttpExchangeRepository; SearchStrategy: all) did not find any beans of type org.springframework.boot.actuate.web.exchanges.HttpExchangeRepository (OnBeanCondition)
      Matched:
         - @ConditionalOnWebApplication (required) found 'session' scope (OnWebApplicationCondition)
         - @ConditionalOnProperty (management.httpexchanges.recording.enabled) matched (OnPropertyCondition)

   HttpExchangesAutoConfiguration.ReactiveHttpExchangesConfiguration:
      Did not match:
         - did not find reactive web application classes (OnWebApplicationCondition)
         - Ancestor org.springframework.boot.actuate.autoconfigure.web.exchanges.HttpExchangesAutoConfiguration did not match (ConditionEvaluationReport.AncestorsMatchedCondition)

   HttpExchangesAutoConfiguration.ServletHttpExchangesConfiguration:
      Did not match:
         - Ancestor org.springframework.boot.actuate.autoconfigure.web.exchanges.HttpExchangesAutoConfiguration did not match (ConditionEvaluationReport.AncestorsMatchedCondition)
      Matched:
         - found 'session' scope (OnWebApplicationCondition)

   HttpExchangesEndpointAutoConfiguration:
      Did not match:
         - @ConditionalOnAvailableEndpoint no 'management.endpoints' property marked it as exposed (OnAvailableEndpointCondition)

   HttpHandlerAutoConfiguration:
      Did not match:
         - @ConditionalOnClass did not find required class 'org.springframework.web.reactive.DispatcherHandler' (OnClassCondition)

   HumioMetricsExportAutoConfiguration:
      Did not match:
         - @ConditionalOnClass did not find required class 'io.micrometer.humio.HumioMeterRegistry' (OnClassCondition)

   HypermediaAutoConfiguration:
      Did not match:
         - @ConditionalOnClass did not find required class 'org.springframework.hateoas.EntityModel' (OnClassCondition)

   InfinispanCacheConfiguration:
      Did not match:
         - @ConditionalOnClass did not find required class 'org.infinispan.spring.embedded.provider.SpringEmbeddedCacheManager' (OnClassCondition)

   InfluxDbAutoConfiguration:
      Did not match:
         - @ConditionalOnClass did not find required class 'org.influxdb.InfluxDB' (OnClassCondition)

   InfluxDbHealthContributorAutoConfiguration:
      Did not match:
         - @ConditionalOnClass did not find required class 'org.influxdb.InfluxDB' (OnClassCondition)

   InfluxMetricsExportAutoConfiguration:
      Did not match:
         - @ConditionalOnClass did not find required class 'io.micrometer.influx.InfluxMeterRegistry' (OnClassCondition)

   InfoContributorAutoConfiguration#buildInfoContributor:
      Did not match:
         - @ConditionalOnSingleCandidate (types: org.springframework.boot.info.BuildProperties; SearchStrategy: all) did not find any beans (OnBeanCondition)
      Matched:
         - @ConditionalOnEnabledInfoContributor management.info.defaults.enabled is considered true (OnEnabledInfoContributorCondition)

   InfoContributorAutoConfiguration#envInfoContributor:
      Did not match:
         - @ConditionalOnEnabledInfoContributor management.info.env.enabled is not true (OnEnabledInfoContributorCondition)

   InfoContributorAutoConfiguration#gitInfoContributor:
      Did not match:
         - @ConditionalOnSingleCandidate (types: org.springframework.boot.info.GitProperties; SearchStrategy: all) did not find any beans (OnBeanCondition)
      Matched:
         - @ConditionalOnEnabledInfoContributor management.info.defaults.enabled is considered true (OnEnabledInfoContributorCondition)

   InfoContributorAutoConfiguration#javaInfoContributor:
      Did not match:
         - @ConditionalOnEnabledInfoContributor management.info.java.enabled is not true (OnEnabledInfoContributorCondition)

   InfoContributorAutoConfiguration#osInfoContributor:
      Did not match:
         - @ConditionalOnEnabledInfoContributor management.info.os.enabled is not true (OnEnabledInfoContributorCondition)

   IntegrationAutoConfiguration:
      Did not match:
         - @ConditionalOnClass did not find required class 'org.springframework.integration.config.EnableIntegration' (OnClassCondition)

   IntegrationGraphEndpointAutoConfiguration:
      Did not match:
         - @ConditionalOnClass did not find required class 'org.springframework.integration.graph.IntegrationGraphServer' (OnClassCondition)

   JCacheCacheConfiguration:
      Did not match:
         - @ConditionalOnClass did not find required class 'javax.cache.Caching' (OnClassCondition)

   JacksonHttpMessageConvertersConfiguration.MappingJackson2XmlHttpMessageConverterConfiguration:
      Did not match:
         - @ConditionalOnClass did not find required class 'com.fasterxml.jackson.dataformat.xml.XmlMapper' (OnClassCondition)

   JdbcRepositoriesAutoConfiguration:
      Did not match:
         - @ConditionalOnClass did not find required class 'org.springframework.data.jdbc.repository.config.AbstractJdbcConfiguration' (OnClassCondition)

   JerseyAutoConfiguration:
      Did not match:
         - @ConditionalOnClass did not find required class 'org.glassfish.jersey.server.spring.SpringComponentProvider' (OnClassCondition)

   JerseySameManagementContextConfiguration:
      Did not match:
         - @ConditionalOnClass did not find required class 'org.glassfish.jersey.server.ResourceConfig' (OnClassCondition)

   JerseyServerMetricsAutoConfiguration:
      Did not match:
         - @ConditionalOnClass did not find required class 'io.micrometer.core.instrument.binder.jersey.server.MetricsApplicationEventListener' (OnClassCondition)

   JerseyWebEndpointManagementContextConfiguration:
      Did not match:
         - @ConditionalOnClass did not find required class 'org.glassfish.jersey.server.ResourceConfig' (OnClassCondition)

   JettyMetricsAutoConfiguration:
      Did not match:
         - @ConditionalOnClass did not find required class 'org.eclipse.jetty.server.Server' (OnClassCondition)

   JmsAutoConfiguration:
      Did not match:
         - @ConditionalOnClass did not find required class 'jakarta.jms.Message' (OnClassCondition)

   JmsHealthContributorAutoConfiguration:
      Did not match:
         - @ConditionalOnClass did not find required class 'jakarta.jms.ConnectionFactory' (OnClassCondition)

   JmxAutoConfiguration:
      Did not match:
         - @ConditionalOnProperty (spring.jmx.enabled=true) did not find property 'enabled' (OnPropertyCondition)
      Matched:
         - @ConditionalOnClass found required class 'org.springframework.jmx.export.MBeanExporter' (OnClassCondition)

   JmxEndpointAutoConfiguration:
      Did not match:
         - @ConditionalOnProperty (spring.jmx.enabled=true) did not find property 'enabled' (OnPropertyCondition)

   JmxMetricsExportAutoConfiguration:
      Did not match:
         - @ConditionalOnClass did not find required class 'io.micrometer.jmx.JmxMeterRegistry' (OnClassCondition)

   JndiConnectionFactoryAutoConfiguration:
      Did not match:
         - @ConditionalOnClass did not find required class 'org.springframework.jms.core.JmsTemplate' (OnClassCondition)

   JndiDataSourceAutoConfiguration:
      Did not match:
         - @ConditionalOnProperty (spring.datasource.jndi-name) did not find property 'jndi-name' (OnPropertyCondition)
      Matched:
         - @ConditionalOnClass found required classes 'javax.sql.DataSource', 'org.springframework.jdbc.datasource.embedded.EmbeddedDatabaseType' (OnClassCondition)

   JndiJtaConfiguration:
      Did not match:
         - @ConditionalOnJndi JNDI environment is not available (OnJndiCondition)
      Matched:
         - @ConditionalOnClass found required class 'org.springframework.transaction.jta.JtaTransactionManager' (OnClassCondition)

   JooqAutoConfiguration:
      Did not match:
         - @ConditionalOnClass did not find required class 'org.jooq.DSLContext' (OnClassCondition)

   JpaRepositoriesAutoConfiguration#entityManagerFactoryBootstrapExecutorCustomizer:
      Did not match:
         - AnyNestedCondition 0 matched 2 did not; NestedCondition on JpaRepositoriesAutoConfiguration.BootstrapExecutorCondition.LazyBootstrapMode @ConditionalOnProperty (spring.data.jpa.repositories.bootstrap-mode=lazy) did not find property 'bootstrap-mode'; NestedCondition on JpaRepositoriesAutoConfiguration.BootstrapExecutorCondition.DeferredBootstrapMode @ConditionalOnProperty (spring.data.jpa.repositories.bootstrap-mode=deferred) did not find property 'bootstrap-mode' (JpaRepositoriesAutoConfiguration.BootstrapExecutorCondition)

   JsonbAutoConfiguration:
      Did not match:
         - @ConditionalOnClass did not find required class 'jakarta.json.bind.Jsonb' (OnClassCondition)

   JsonbHttpMessageConvertersConfiguration:
      Did not match:
         - @ConditionalOnClass did not find required class 'jakarta.json.bind.Jsonb' (OnClassCondition)

   KafkaAutoConfiguration:
      Did not match:
         - @ConditionalOnClass did not find required class 'org.springframework.kafka.core.KafkaTemplate' (OnClassCondition)

   KafkaMetricsAutoConfiguration:
      Did not match:
         - @ConditionalOnClass did not find required class 'org.springframework.kafka.core.ProducerFactory' (OnClassCondition)

   KairosMetricsExportAutoConfiguration:
      Did not match:
         - @ConditionalOnClass did not find required class 'io.micrometer.kairos.KairosMeterRegistry' (OnClassCondition)

   LdapAutoConfiguration:
      Did not match:
         - @ConditionalOnClass did not find required class 'org.springframework.ldap.core.ContextSource' (OnClassCondition)

   LdapHealthContributorAutoConfiguration:
      Did not match:
         - @ConditionalOnClass did not find required class 'org.springframework.ldap.core.LdapOperations' (OnClassCondition)

   LdapRepositoriesAutoConfiguration:
      Did not match:
         - @ConditionalOnClass did not find required class 'org.springframework.data.ldap.repository.LdapRepository' (OnClassCondition)

   LiquibaseAutoConfiguration:
      Did not match:
         - @ConditionalOnClass did not find required class 'liquibase.change.DatabaseChange' (OnClassCondition)

   LiquibaseEndpointAutoConfiguration:
      Did not match:
         - @ConditionalOnClass did not find required class 'liquibase.integration.spring.SpringLiquibase' (OnClassCondition)

   LocalDevToolsAutoConfiguration.RestartConfiguration:
      Did not match:
         - @ConditionalOnProperty (spring.devtools.restart.enabled) found different value in property 'enabled' (OnPropertyCondition)

   Log4J2MetricsAutoConfiguration:
      Did not match:
         - @ConditionalOnClass did not find required class 'org.apache.logging.log4j.core.LoggerContext' (OnClassCondition)

   LogFileWebEndpointAutoConfiguration:
      Did not match:
         - @ConditionalOnAvailableEndpoint no 'management.endpoints' property marked it as exposed (OnAvailableEndpointCondition)

   LoggersEndpointAutoConfiguration:
      Did not match:
         - @ConditionalOnAvailableEndpoint no 'management.endpoints' property marked it as exposed (OnAvailableEndpointCondition)

   MailHealthContributorAutoConfiguration:
      Did not match:
         - @ConditionalOnBean (types: org.springframework.mail.javamail.JavaMailSenderImpl; SearchStrategy: all) did not find any beans of type org.springframework.mail.javamail.JavaMailSenderImpl (OnBeanCondition)
      Matched:
         - @ConditionalOnClass found required class 'org.springframework.mail.javamail.JavaMailSenderImpl' (OnClassCondition)
         - @ConditionalOnEnabledHealthIndicator management.health.defaults.enabled is considered true (OnEnabledHealthIndicatorCondition)

   MailSenderAutoConfiguration:
      Did not match:
         - @ConditionalOnClass did not find required class 'jakarta.mail.internet.MimeMessage' (OnClassCondition)

   MailSenderValidatorAutoConfiguration:
      Did not match:
         - @ConditionalOnProperty (spring.mail.test-connection) did not find property 'test-connection' (OnPropertyCondition)

   ManagementContextAutoConfiguration.DifferentManagementContextConfiguration:
      Did not match:
         - Management Port actual port type (SAME) did not match required type (DIFFERENT) (OnManagementPortCondition)

   ManagementWebSecurityAutoConfiguration:
      Did not match:
         - AllNestedConditions 1 matched 1 did not; NestedCondition on DefaultWebSecurityCondition.Beans @ConditionalOnMissingBean (types: org.springframework.security.web.SecurityFilterChain; SearchStrategy: all) did not find any beans; NestedCondition on DefaultWebSecurityCondition.Classes @ConditionalOnClass did not find required classes 'org.springframework.security.web.SecurityFilterChain', 'org.springframework.security.config.annotation.web.builders.HttpSecurity' (DefaultWebSecurityCondition)
      Matched:
         - found 'session' scope (OnWebApplicationCondition)

   MappingsEndpointAutoConfiguration:
      Did not match:
         - @ConditionalOnAvailableEndpoint no 'management.endpoints' property marked it as exposed (OnAvailableEndpointCondition)

   MessageSourceAutoConfiguration:
      Did not match:
         - ResourceBundle did not find bundle with basename messages (MessageSourceAutoConfiguration.ResourceBundleCondition)

   MetricsAspectsAutoConfiguration:
      Did not match:
         - AnyNestedCondition 0 matched 2 did not; NestedCondition on MetricsAspectsAutoConfiguration.ObservationAnnotationsEnabledCondition.ManagementObservationsEnabledCondition @ConditionalOnProperty (management.observations.annotations.enabled=true) did not find property 'enabled'; NestedCondition on MetricsAspectsAutoConfiguration.ObservationAnnotationsEnabledCondition.MicrometerObservationsEnabledCondition @ConditionalOnProperty (micrometer.observations.annotations.enabled=true) did not find property 'enabled' (MetricsAspectsAutoConfiguration.ObservationAnnotationsEnabledCondition)
      Matched:
         - @ConditionalOnClass found required classes 'io.micrometer.core.instrument.MeterRegistry', 'org.aspectj.weaver.Advice' (OnClassCondition)

   MetricsEndpointAutoConfiguration:
      Did not match:
         - @ConditionalOnAvailableEndpoint no 'management.endpoints' property marked it as exposed (OnAvailableEndpointCondition)
      Matched:
         - @ConditionalOnClass found required class 'io.micrometer.core.annotation.Timed' (OnClassCondition)

   MicrometerTracingAutoConfiguration:
      Did not match:
         - @ConditionalOnClass did not find required class 'io.micrometer.tracing.Tracer' (OnClassCondition)

   MongoAutoConfiguration:
      Did not match:
         - @ConditionalOnClass did not find required class 'com.mongodb.client.MongoClient' (OnClassCondition)

   MongoDataAutoConfiguration:
      Did not match:
         - @ConditionalOnClass did not find required class 'com.mongodb.client.MongoClient' (OnClassCondition)

   MongoHealthContributorAutoConfiguration:
      Did not match:
         - @ConditionalOnClass did not find required class 'org.springframework.data.mongodb.core.MongoTemplate' (OnClassCondition)

   MongoMetricsAutoConfiguration:
      Did not match:
         - @ConditionalOnClass did not find required class 'com.mongodb.MongoClientSettings' (OnClassCondition)

   MongoReactiveAutoConfiguration:
      Did not match:
         - @ConditionalOnClass did not find required class 'com.mongodb.reactivestreams.client.MongoClient' (OnClassCondition)

   MongoReactiveDataAutoConfiguration:
      Did not match:
         - @ConditionalOnClass did not find required class 'com.mongodb.reactivestreams.client.MongoClient' (OnClassCondition)

   MongoReactiveHealthContributorAutoConfiguration:
      Did not match:
         - @ConditionalOnClass did not find required class 'org.springframework.data.mongodb.core.ReactiveMongoTemplate' (OnClassCondition)

   MongoReactiveRepositoriesAutoConfiguration:
      Did not match:
         - @ConditionalOnClass did not find required class 'com.mongodb.reactivestreams.client.MongoClient' (OnClassCondition)

   MongoRepositoriesAutoConfiguration:
      Did not match:
         - @ConditionalOnClass did not find required class 'com.mongodb.client.MongoClient' (OnClassCondition)

   MustacheAutoConfiguration:
      Did not match:
         - @ConditionalOnClass did not find required class 'com.samskivert.mustache.Mustache' (OnClassCondition)

   Neo4jAutoConfiguration:
      Did not match:
         - @ConditionalOnClass did not find required class 'org.neo4j.driver.Driver' (OnClassCondition)

   Neo4jDataAutoConfiguration:
      Did not match:
         - @ConditionalOnClass did not find required class 'org.neo4j.driver.Driver' (OnClassCondition)

   Neo4jHealthContributorAutoConfiguration:
      Did not match:
         - @ConditionalOnClass did not find required class 'org.neo4j.driver.Driver' (OnClassCondition)

   Neo4jReactiveDataAutoConfiguration:
      Did not match:
         - @ConditionalOnClass did not find required class 'org.neo4j.driver.Driver' (OnClassCondition)

   Neo4jReactiveRepositoriesAutoConfiguration:
      Did not match:
         - @ConditionalOnClass did not find required class 'org.neo4j.driver.Driver' (OnClassCondition)

   Neo4jRepositoriesAutoConfiguration:
      Did not match:
         - @ConditionalOnClass did not find required class 'org.neo4j.driver.Driver' (OnClassCondition)

   NewRelicMetricsExportAutoConfiguration:
      Did not match:
         - @ConditionalOnClass did not find required class 'io.micrometer.newrelic.NewRelicMeterRegistry' (OnClassCondition)

   NoOpMeterRegistryConfiguration:
      Did not match:
         - @ConditionalOnMissingBean (types: io.micrometer.core.instrument.MeterRegistry; SearchStrategy: all) found beans of type 'io.micrometer.core.instrument.MeterRegistry' simpleMeterRegistry (OnBeanCondition)

   NoopTracerAutoConfiguration:
      Did not match:
         - @ConditionalOnClass did not find required class 'io.micrometer.tracing.Tracer' (OnClassCondition)

   NotificationInfrastructureConfig#redisNotificationQueue:
      Did not match:
         - @ConditionalOnProperty (hms.redis.enabled=true) found different value in property 'hms.redis.enabled' (OnPropertyCondition)

   OAuth2AuthorizationServerAutoConfiguration:
      Did not match:
         - @ConditionalOnClass did not find required class 'org.springframework.security.oauth2.server.authorization.OAuth2Authorization' (OnClassCondition)

   OAuth2AuthorizationServerJwtAutoConfiguration:
      Did not match:
         - @ConditionalOnClass did not find required class 'org.springframework.security.oauth2.server.authorization.OAuth2Authorization' (OnClassCondition)

   OAuth2ClientAutoConfiguration:
      Did not match:
         - @ConditionalOnClass did not find required class 'org.springframework.security.config.annotation.web.configuration.EnableWebSecurity' (OnClassCondition)

   OAuth2ResourceServerAutoConfiguration:
      Did not match:
         - @ConditionalOnClass did not find required class 'org.springframework.security.oauth2.server.resource.authentication.BearerTokenAuthenticationToken' (OnClassCondition)

   ObservationAutoConfiguration.MeterObservationHandlerConfiguration.TracingAndMetricsObservationHandlerConfiguration:
      Did not match:
         - @ConditionalOnBean did not find required type 'io.micrometer.tracing.Tracer' (OnBeanCondition)
         - @ConditionalOnBean (types: io.micrometer.tracing.Tracer; SearchStrategy: all) did not find any beans of type io.micrometer.tracing.Tracer (OnBeanCondition)

   ObservationAutoConfiguration.MetricsWithTracingConfiguration:
      Did not match:
         - @ConditionalOnClass did not find required class 'io.micrometer.tracing.Tracer' (OnClassCondition)

   ObservationAutoConfiguration.OnlyTracingConfiguration:
      Did not match:
         - @ConditionalOnClass did not find required class 'io.micrometer.tracing.Tracer' (OnClassCondition)

   org.springframework.boot.actuate.autoconfigure.opentelemetry.OpenTelemetryAutoConfiguration:
      Did not match:
         - @ConditionalOnClass did not find required class 'io.opentelemetry.sdk.OpenTelemetrySdk' (OnClassCondition)

   org.springframework.boot.actuate.autoconfigure.tracing.OpenTelemetryAutoConfiguration:
      Did not match:
         - @ConditionalOnClass did not find required class 'io.micrometer.tracing.otel.bridge.OtelTracer' (OnClassCondition)

   OtlpAutoConfiguration:
      Did not match:
         - @ConditionalOnClass did not find required class 'io.micrometer.tracing.otel.bridge.OtelTracer' (OnClassCondition)

   OtlpMetricsExportAutoConfiguration:
      Did not match:
         - @ConditionalOnClass did not find required class 'io.micrometer.registry.otlp.OtlpMeterRegistry' (OnClassCondition)

   ProjectInfoAutoConfiguration#buildProperties:
      Did not match:
         - @ConditionalOnResource did not find resource '${spring.info.build.location:classpath:META-INF/build-info.properties}' (OnResourceCondition)

   ProjectInfoAutoConfiguration#gitProperties:
      Did not match:
         - GitResource did not find git info at classpath:git.properties (ProjectInfoAutoConfiguration.GitResourceAvailableCondition)

   PrometheusExemplarsAutoConfiguration:
      Did not match:
         - @ConditionalOnClass did not find required class 'io.micrometer.tracing.Tracer' (OnClassCondition)

   PrometheusMetricsExportAutoConfiguration:
      Did not match:
         - @ConditionalOnClass did not find required class 'io.micrometer.prometheus.PrometheusMeterRegistry' (OnClassCondition)

   PulsarAutoConfiguration:
      Did not match:
         - @ConditionalOnClass did not find required class 'org.apache.pulsar.client.api.PulsarClient' (OnClassCondition)

   PulsarReactiveAutoConfiguration:
      Did not match:
         - @ConditionalOnClass did not find required class 'org.apache.pulsar.client.api.PulsarClient' (OnClassCondition)

   QuartzAutoConfiguration:
      Did not match:
         - @ConditionalOnClass did not find required class 'org.quartz.Scheduler' (OnClassCondition)

   QuartzEndpointAutoConfiguration:
      Did not match:
         - @ConditionalOnClass did not find required class 'org.quartz.Scheduler' (OnClassCondition)

   R2dbcAutoConfiguration:
      Did not match:
         - @ConditionalOnClass did not find required class 'io.r2dbc.spi.ConnectionFactory' (OnClassCondition)

   R2dbcDataAutoConfiguration:
      Did not match:
         - @ConditionalOnClass did not find required class 'org.springframework.data.r2dbc.core.R2dbcEntityTemplate' (OnClassCondition)

   R2dbcObservationAutoConfiguration:
      Did not match:
         - @ConditionalOnClass did not find required class 'io.r2dbc.proxy.ProxyConnectionFactory' (OnClassCondition)

   R2dbcRepositoriesAutoConfiguration:
      Did not match:
         - @ConditionalOnClass did not find required class 'io.r2dbc.spi.ConnectionFactory' (OnClassCondition)

   R2dbcTransactionManagerAutoConfiguration:
      Did not match:
         - @ConditionalOnClass did not find required class 'org.springframework.r2dbc.connection.R2dbcTransactionManager' (OnClassCondition)

   RSocketGraphQlClientAutoConfiguration:
      Did not match:
         - @ConditionalOnClass did not find required class 'graphql.GraphQL' (OnClassCondition)

   RSocketMessagingAutoConfiguration:
      Did not match:
         - @ConditionalOnClass did not find required class 'io.rsocket.RSocket' (OnClassCondition)

   RSocketRequesterAutoConfiguration:
      Did not match:
         - @ConditionalOnClass did not find required class 'io.rsocket.RSocket' (OnClassCondition)

   RSocketSecurityAutoConfiguration:
      Did not match:
         - @ConditionalOnClass did not find required class 'org.springframework.security.rsocket.core.SecuritySocketAcceptorInterceptor' (OnClassCondition)

   RSocketServerAutoConfiguration:
      Did not match:
         - @ConditionalOnClass did not find required class 'io.rsocket.core.RSocketServer' (OnClassCondition)

   RSocketStrategiesAutoConfiguration:
      Did not match:
         - @ConditionalOnClass did not find required class 'io.rsocket.RSocket' (OnClassCondition)

   RabbitAutoConfiguration:
      Did not match:
         - @ConditionalOnClass did not find required class 'com.rabbitmq.client.Channel' (OnClassCondition)

   RabbitHealthContributorAutoConfiguration:
      Did not match:
         - @ConditionalOnClass did not find required class 'org.springframework.amqp.rabbit.core.RabbitTemplate' (OnClassCondition)

   RabbitMetricsAutoConfiguration:
      Did not match:
         - @ConditionalOnClass did not find required class 'com.rabbitmq.client.ConnectionFactory' (OnClassCondition)

   ReactiveCloudFoundryActuatorAutoConfiguration:
      Did not match:
         - @ConditionalOnWebApplication did not find reactive web application classes (OnWebApplicationCondition)

   ReactiveElasticsearchClientAutoConfiguration:
      Did not match:
         - @ConditionalOnClass did not find required class 'co.elastic.clients.transport.ElasticsearchTransport' (OnClassCondition)

   ReactiveElasticsearchRepositoriesAutoConfiguration:
      Did not match:
         - @ConditionalOnClass did not find required class 'org.springframework.data.elasticsearch.client.elc.ReactiveElasticsearchClient' (OnClassCondition)

   ReactiveManagementContextAutoConfiguration:
      Did not match:
         - @ConditionalOnWebApplication did not find reactive web application classes (OnWebApplicationCondition)

   ReactiveManagementWebSecurityAutoConfiguration:
      Did not match:
         - @ConditionalOnClass did not find required class 'org.springframework.security.config.annotation.web.reactive.EnableWebFluxSecurity' (OnClassCondition)

   ReactiveMultipartAutoConfiguration:
      Did not match:
         - @ConditionalOnClass did not find required class 'org.springframework.web.reactive.config.WebFluxConfigurer' (OnClassCondition)

   ReactiveOAuth2ClientAutoConfiguration:
      Did not match:
         - @ConditionalOnClass did not find required class 'org.springframework.security.config.annotation.web.reactive.EnableWebFluxSecurity' (OnClassCondition)

   ReactiveOAuth2ResourceServerAutoConfiguration:
      Did not match:
         - @ConditionalOnClass did not find required class 'org.springframework.security.config.annotation.web.reactive.EnableWebFluxSecurity' (OnClassCondition)

   ReactiveSecurityAutoConfiguration:
      Did not match:
         - @ConditionalOnClass did not find required class 'org.springframework.security.config.annotation.web.reactive.EnableWebFluxSecurity' (OnClassCondition)

   ReactiveUserDetailsServiceAutoConfiguration:
      Did not match:
         - @ConditionalOnClass did not find required class 'org.springframework.security.authentication.ReactiveAuthenticationManager' (OnClassCondition)

   ReactiveWebServerFactoryAutoConfiguration:
      Did not match:
         - @ConditionalOnWebApplication did not find reactive web application classes (OnWebApplicationCondition)

   RedisHealthContributorAutoConfiguration:
      Did not match:
         - @ConditionalOnBean (types: org.springframework.data.redis.connection.RedisConnectionFactory; SearchStrategy: all) did not find any beans of type org.springframework.data.redis.connection.RedisConnectionFactory (OnBeanCondition)
      Matched:
         - @ConditionalOnClass found required class 'org.springframework.data.redis.connection.RedisConnectionFactory' (OnClassCondition)
         - @ConditionalOnEnabledHealthIndicator management.health.defaults.enabled is considered true (OnEnabledHealthIndicatorCondition)

   RedisNotificationInboxStore:
      Did not match:
         - @ConditionalOnProperty (hms.redis.enabled=true) found different value in property 'hms.redis.enabled' (OnPropertyCondition)

   RedisPatientSearchCache:
      Did not match:
         - @ConditionalOnProperty (hms.redis.enabled=true) found different value in property 'hms.redis.enabled' (OnPropertyCondition)

   RedisPharmacyOperationLock:
      Did not match:
         - @ConditionalOnProperty (hms.redis.enabled=true) found different value in property 'hms.redis.enabled' (OnPropertyCondition)

   RedisPresenceRegistry:
      Did not match:
         - @ConditionalOnProperty (hms.redis.enabled=true) found different value in property 'hms.redis.enabled' (OnPropertyCondition)

   RedisReactiveAutoConfiguration#reactiveRedisTemplate:
      Did not match:
         - @ConditionalOnBean (types: org.springframework.data.redis.connection.ReactiveRedisConnectionFactory; SearchStrategy: all) did not find any beans of type org.springframework.data.redis.connection.ReactiveRedisConnectionFactory (OnBeanCondition)

   RedisReactiveAutoConfiguration#reactiveStringRedisTemplate:
      Did not match:
         - @ConditionalOnBean (types: org.springframework.data.redis.connection.ReactiveRedisConnectionFactory; SearchStrategy: all) did not find any beans of type org.springframework.data.redis.connection.ReactiveRedisConnectionFactory (OnBeanCondition)

   RedisReactiveHealthContributorAutoConfiguration:
      Did not match:
         - @ConditionalOnBean (types: org.springframework.data.redis.connection.ReactiveRedisConnectionFactory; SearchStrategy: all) did not find any beans of type org.springframework.data.redis.connection.ReactiveRedisConnectionFactory (OnBeanCondition)
      Matched:
         - @ConditionalOnClass found required classes 'org.springframework.data.redis.connection.ReactiveRedisConnectionFactory', 'reactor.core.publisher.Flux' (OnClassCondition)
         - @ConditionalOnEnabledHealthIndicator management.health.defaults.enabled is considered true (OnEnabledHealthIndicatorCondition)

   RedisRepositoriesAutoConfiguration:
      Did not match:
         - @ConditionalOnBean (types: org.springframework.data.redis.connection.RedisConnectionFactory; SearchStrategy: all) did not find any beans of type org.springframework.data.redis.connection.RedisConnectionFactory (OnBeanCondition)
      Matched:
         - @ConditionalOnClass found required class 'org.springframework.data.redis.repository.configuration.EnableRedisRepositories' (OnClassCondition)
         - @ConditionalOnProperty (spring.data.redis.repositories.enabled=true) matched (OnPropertyCondition)

   RedisStackConfiguration:
      Did not match:
         - @ConditionalOnProperty (hms.redis.enabled=true) found different value in property 'hms.redis.enabled' (OnPropertyCondition)

   RemoteDevToolsAutoConfiguration:
      Did not match:
         - @ConditionalOnProperty (spring.devtools.remote.secret) did not find property 'secret' (OnPropertyCondition)
      Matched:
         - @ConditionalOnClass found required classes 'jakarta.servlet.Filter', 'org.springframework.http.server.ServerHttpRequest' (OnClassCondition)

   RepositoryRestMvcAutoConfiguration:
      Did not match:
         - @ConditionalOnClass did not find required class 'org.springframework.data.rest.webmvc.config.RepositoryRestMvcConfiguration' (OnClassCondition)

   Saml2RelyingPartyAutoConfiguration:
      Did not match:
         - @ConditionalOnClass did not find required class 'org.springframework.security.saml2.provider.service.registration.RelyingPartyRegistrationRepository' (OnClassCondition)

   ScheduledTasksEndpointAutoConfiguration:
      Did not match:
         - @ConditionalOnAvailableEndpoint no 'management.endpoints' property marked it as exposed (OnAvailableEndpointCondition)

   SecurityAutoConfiguration:
      Did not match:
         - @ConditionalOnClass did not find required class 'org.springframework.security.authentication.DefaultAuthenticationEventPublisher' (OnClassCondition)

   SecurityFilterAutoConfiguration:
      Did not match:
         - @ConditionalOnClass did not find required class 'org.springframework.security.config.http.SessionCreationPolicy' (OnClassCondition)

   SecurityRequestMatchersManagementContextConfiguration:
      Did not match:
         - @ConditionalOnClass did not find required class 'org.springframework.security.web.util.matcher.RequestMatcher' (OnClassCondition)

   SendGridAutoConfiguration:
      Did not match:
         - @ConditionalOnClass did not find required class 'com.sendgrid.SendGrid' (OnClassCondition)

   ServletEndpointManagementContextConfiguration.JerseyServletEndpointManagementContextConfiguration:
      Did not match:
         - @ConditionalOnClass did not find required class 'org.glassfish.jersey.server.ResourceConfig' (OnClassCondition)

   ServletManagementContextAutoConfiguration.ApplicationContextFilterConfiguration:
      Did not match:
         - @ConditionalOnProperty (management.server.add-application-context-header=true) did not find property 'add-application-context-header' (OnPropertyCondition)

   ServletWebServerFactoryAutoConfiguration.ForwardedHeaderFilterConfiguration:
      Did not match:
         - @ConditionalOnProperty (server.forward-headers-strategy=framework) did not find property 'server.forward-headers-strategy' (OnPropertyCondition)

   ServletWebServerFactoryConfiguration.EmbeddedJetty:
      Did not match:
         - @ConditionalOnClass did not find required classes 'org.eclipse.jetty.server.Server', 'org.eclipse.jetty.util.Loader', 'org.eclipse.jetty.ee10.webapp.WebAppContext' (OnClassCondition)

   ServletWebServerFactoryConfiguration.EmbeddedUndertow:
      Did not match:
         - @ConditionalOnClass did not find required classes 'io.undertow.Undertow', 'org.xnio.SslClientAuthMode' (OnClassCondition)

   SessionAutoConfiguration:
      Did not match:
         - @ConditionalOnClass did not find required class 'org.springframework.session.Session' (OnClassCondition)

   SessionsEndpointAutoConfiguration:
      Did not match:
         - @ConditionalOnClass did not find required class 'org.springframework.session.FindByIndexNameSessionRepository' (OnClassCondition)

   ShutdownEndpointAutoConfiguration:
      Did not match:
         - @ConditionalOnAvailableEndpoint no property management.endpoint.shutdown.enabled found so using endpoint default of false (OnAvailableEndpointCondition)

   SignalFxMetricsExportAutoConfiguration:
      Did not match:
         - @ConditionalOnClass did not find required class 'io.micrometer.signalfx.SignalFxMeterRegistry' (OnClassCondition)

   SpringApplicationAdminJmxAutoConfiguration:
      Did not match:
         - @ConditionalOnProperty (spring.application.admin.enabled=true) did not find property 'enabled' (OnPropertyCondition)

   SqlInitializationAutoConfiguration:
      Did not match:
         - NoneNestedConditions 1 matched 0 did not; NestedCondition on SqlInitializationAutoConfiguration.SqlInitializationModeCondition.ModeIsNever @ConditionalOnProperty (spring.sql.init.mode=never) matched (SqlInitializationAutoConfiguration.SqlInitializationModeCondition)
      Matched:
         - @ConditionalOnProperty (spring.sql.init.enabled) matched (OnPropertyCondition)

   StackdriverMetricsExportAutoConfiguration:
      Did not match:
         - @ConditionalOnClass did not find required class 'io.micrometer.stackdriver.StackdriverMeterRegistry' (OnClassCondition)

   StartupEndpointAutoConfiguration:
      Did not match:
         - ApplicationStartup configured applicationStartup is of type class org.springframework.core.metrics.DefaultApplicationStartup, expected BufferingApplicationStartup. (StartupEndpointAutoConfiguration.ApplicationStartupCondition)

   StatsdMetricsExportAutoConfiguration:
      Did not match:
         - @ConditionalOnClass did not find required class 'io.micrometer.statsd.StatsdMeterRegistry' (OnClassCondition)

   TaskExecutorConfigurations.SimpleAsyncTaskExecutorBuilderConfiguration#simpleAsyncTaskExecutorBuilderVirtualThreads:
      Did not match:
         - @ConditionalOnMissingBean (types: org.springframework.boot.task.SimpleAsyncTaskExecutorBuilder; SearchStrategy: all) found beans of type 'org.springframework.boot.task.SimpleAsyncTaskExecutorBuilder' simpleAsyncTaskExecutorBuilder (OnBeanCondition)

   TaskExecutorConfigurations.TaskExecutorConfiguration#applicationTaskExecutorVirtualThreads:
      Did not match:
         - @ConditionalOnThreading did not find VIRTUAL (OnThreadingCondition)

   TaskSchedulingConfigurations.SimpleAsyncTaskSchedulerBuilderConfiguration#simpleAsyncTaskSchedulerBuilderVirtualThreads:
      Did not match:
         - @ConditionalOnMissingBean (types: org.springframework.boot.task.SimpleAsyncTaskSchedulerBuilder; SearchStrategy: all) found beans of type 'org.springframework.boot.task.SimpleAsyncTaskSchedulerBuilder' simpleAsyncTaskSchedulerBuilder (OnBeanCondition)

   TaskSchedulingConfigurations.TaskSchedulerConfiguration#taskSchedulerVirtualThreads:
      Did not match:
         - @ConditionalOnThreading did not find VIRTUAL (OnThreadingCondition)

   TemplateEngineConfigurations.ReactiveTemplateEngineConfiguration:
      Did not match:
         - did not find reactive web application classes (OnWebApplicationCondition)

   ThreadDumpEndpointAutoConfiguration:
      Did not match:
         - @ConditionalOnAvailableEndpoint no 'management.endpoints' property marked it as exposed (OnAvailableEndpointCondition)

   ThymeleafAutoConfiguration.DataAttributeDialectConfiguration:
      Did not match:
         - @ConditionalOnClass did not find required class 'com.github.mxab.thymeleaf.extras.dataattribute.dialect.DataAttributeDialect' (OnClassCondition)

   ThymeleafAutoConfiguration.ThymeleafSecurityDialectConfiguration:
      Did not match:
         - @ConditionalOnClass did not find required classes 'org.thymeleaf.extras.springsecurity6.dialect.SpringSecurityDialect', 'org.springframework.security.web.server.csrf.CsrfToken' (OnClassCondition)

   ThymeleafAutoConfiguration.ThymeleafWebFluxConfiguration:
      Did not match:
         - did not find reactive web application classes (OnWebApplicationCondition)

   ThymeleafAutoConfiguration.ThymeleafWebMvcConfiguration#resourceUrlEncodingFilter:
      Did not match:
         - @ConditionalOnEnabledResourceChain did not find class org.webjars.WebJarAssetLocator (OnEnabledResourceChainCondition)

   TransactionAutoConfiguration#transactionalOperator:
      Did not match:
         - @ConditionalOnSingleCandidate (types: org.springframework.transaction.ReactiveTransactionManager; SearchStrategy: all) did not find any beans (OnBeanCondition)

   TransactionAutoConfiguration.AspectJTransactionManagementConfiguration:
      Did not match:
         - @ConditionalOnBean (types: org.springframework.transaction.aspectj.AbstractTransactionAspect; SearchStrategy: all) did not find any beans of type org.springframework.transaction.aspectj.AbstractTransactionAspect (OnBeanCondition)

   TransactionAutoConfiguration.EnableTransactionManagementConfiguration.JdkDynamicAutoProxyConfiguration:
      Did not match:
         - @ConditionalOnProperty (spring.aop.proxy-target-class=false) did not find property 'proxy-target-class' (OnPropertyCondition)

   UserDetailsServiceAutoConfiguration:
      Did not match:
         - @ConditionalOnClass did not find required class 'org.springframework.security.authentication.AuthenticationManager' (OnClassCondition)

   WavefrontAutoConfiguration:
      Did not match:
         - @ConditionalOnClass did not find required class 'com.wavefront.sdk.common.application.ApplicationTags' (OnClassCondition)

   WavefrontMetricsExportAutoConfiguration:
      Did not match:
         - @ConditionalOnClass did not find required class 'com.wavefront.sdk.common.WavefrontSender' (OnClassCondition)

   WavefrontTracingAutoConfiguration:
      Did not match:
         - @ConditionalOnClass did not find required class 'com.wavefront.sdk.common.WavefrontSender' (OnClassCondition)

   WebClientAutoConfiguration:
      Did not match:
         - @ConditionalOnClass did not find required class 'org.springframework.web.reactive.function.client.WebClient' (OnClassCondition)

   WebClientObservationConfiguration:
      Did not match:
         - @ConditionalOnClass did not find required class 'org.springframework.web.reactive.function.client.WebClient' (OnClassCondition)

   WebFluxAutoConfiguration:
      Did not match:
         - @ConditionalOnClass did not find required class 'org.springframework.web.reactive.config.WebFluxConfigurer' (OnClassCondition)

   WebFluxEndpointManagementContextConfiguration:
      Did not match:
         - @ConditionalOnClass did not find required class 'org.springframework.web.reactive.DispatcherHandler' (OnClassCondition)

   WebFluxObservationAutoConfiguration:
      Did not match:
         - @ConditionalOnWebApplication did not find reactive web application classes (OnWebApplicationCondition)

   WebMvcAutoConfiguration#hiddenHttpMethodFilter:
      Did not match:
         - @ConditionalOnProperty (spring.mvc.hiddenmethod.filter.enabled) did not find property 'enabled' (OnPropertyCondition)

   WebMvcAutoConfiguration.ProblemDetailsErrorHandlingConfiguration:
      Did not match:
         - @ConditionalOnProperty (spring.mvc.problemdetails.enabled=true) did not find property 'enabled' (OnPropertyCondition)

   WebMvcAutoConfiguration.ResourceChainCustomizerConfiguration:
      Did not match:
         - @ConditionalOnEnabledResourceChain did not find class org.webjars.WebJarAssetLocator (OnEnabledResourceChainCondition)

   WebMvcAutoConfiguration.WebMvcAutoConfigurationAdapter#beanNameViewResolver:
      Did not match:
         - @ConditionalOnMissingBean (types: org.springframework.web.servlet.view.BeanNameViewResolver; SearchStrategy: all) found beans of type 'org.springframework.web.servlet.view.BeanNameViewResolver' beanNameViewResolver (OnBeanCondition)

   WebMvcEndpointManagementContextConfiguration#managementHealthEndpointWebMvcHandlerMapping:
      Did not match:
         - Management Port actual port type (SAME) did not match required type (DIFFERENT) (OnManagementPortCondition)

   WebServiceTemplateAutoConfiguration:
      Did not match:
         - @ConditionalOnClass did not find required class 'org.springframework.ws.client.core.WebServiceTemplate' (OnClassCondition)

   WebServicesAutoConfiguration:
      Did not match:
         - @ConditionalOnClass did not find required class 'org.springframework.ws.transport.http.MessageDispatcherServlet' (OnClassCondition)

   WebSessionIdResolverAutoConfiguration:
      Did not match:
         - @ConditionalOnWebApplication did not find reactive web application classes (OnWebApplicationCondition)

   WebSocketMessagingAutoConfiguration:
      Did not match:
         - @ConditionalOnClass did not find required class 'org.springframework.web.socket.config.annotation.WebSocketMessageBrokerConfigurer' (OnClassCondition)

   WebSocketReactiveAutoConfiguration:
      Did not match:
         - @ConditionalOnWebApplication did not find reactive web application classes (OnWebApplicationCondition)

   WebSocketServletAutoConfiguration.JettyWebSocketConfiguration:
      Did not match:
         - @ConditionalOnClass did not find required class 'org.eclipse.jetty.ee10.websocket.jakarta.server.config.JakartaWebSocketServletContainerInitializer' (OnClassCondition)

   WebSocketServletAutoConfiguration.UndertowWebSocketConfiguration:
      Did not match:
         - @ConditionalOnClass did not find required class 'io.undertow.websockets.jsr.Bootstrap' (OnClassCondition)

   XADataSourceAutoConfiguration:
      Did not match:
         - @ConditionalOnBean (types: org.springframework.boot.jdbc.XADataSourceWrapper; SearchStrategy: all) did not find any beans of type org.springframework.boot.jdbc.XADataSourceWrapper (OnBeanCondition)
      Matched:
         - @ConditionalOnClass found required classes 'javax.sql.DataSource', 'jakarta.transaction.TransactionManager', 'org.springframework.jdbc.datasource.embedded.EmbeddedDatabaseType' (OnClassCondition)

   ZipkinAutoConfiguration:
      Did not match:
         - @ConditionalOnClass did not find required class 'zipkin2.reporter.Sender' (OnClassCondition)


Exclusions:
-----------

    org.springframework.boot.autoconfigure.data.redis.RedisAutoConfiguration


Unconditional classes:
----------------------

    org.springframework.boot.autoconfigure.context.ConfigurationPropertiesAutoConfiguration

    org.springframework.boot.actuate.autoconfigure.availability.AvailabilityHealthContributorAutoConfiguration

    org.springframework.boot.autoconfigure.ssl.SslAutoConfiguration

    org.springframework.boot.actuate.autoconfigure.info.InfoContributorAutoConfiguration

    org.springframework.boot.autoconfigure.context.PropertyPlaceholderAutoConfiguration

    org.springframework.boot.autoconfigure.context.LifecycleAutoConfiguration

    org.springframework.boot.actuate.autoconfigure.metrics.integration.IntegrationMetricsAutoConfiguration

    org.springframework.boot.actuate.autoconfigure.endpoint.EndpointAutoConfiguration

    org.springframework.boot.actuate.autoconfigure.web.server.ManagementContextAutoConfiguration

    org.springframework.boot.actuate.autoconfigure.health.HealthContributorAutoConfiguration

    org.springframework.boot.actuate.autoconfigure.endpoint.jackson.JacksonEndpointAutoConfiguration

    org.springframework.boot.autoconfigure.availability.ApplicationAvailabilityAutoConfiguration

    org.springframework.boot.autoconfigure.info.ProjectInfoAutoConfiguration



2026-06-16T17:01:12.462+05:30  INFO 39132 --- [hospital-management-system] [  restartedMain] com.hospital.hms.HmsApplication          : Started HmsApplication in 8.811 seconds (process running for 9.301)
2026-06-16T17:01:12.528+05:30 DEBUG 39132 --- [hospital-management-system] [  restartedMain] o.s.b.a.ApplicationAvailabilityBean      : Application availability state LivenessState changed to CORRECT
2026-06-16T17:01:12.636+05:30 DEBUG 39132 --- [hospital-management-system] [  restartedMain] org.hibernate.SQL                        : 
    select
        r1_0.id,
        r1_0.created_at,
        r1_0.deleted_at,
        r1_0.name,
        r1_0.updated_at 
    from
        roles r1_0 
    where
        (
            r1_0.deleted_at IS NULL
        ) 
        and r1_0.name=?
2026-06-16T17:01:12.669+05:30 DEBUG 39132 --- [hospital-management-system] [  restartedMain] org.hibernate.SQL                        : 
    insert 
    into
        roles
        (created_at, deleted_at, name, updated_at, id) 
    values
        (?, ?, ?, ?, default)
2026-06-16T17:01:12.688+05:30 DEBUG 39132 --- [hospital-management-system] [  restartedMain] org.hibernate.SQL                        : 
    select
        r1_0.id,
        r1_0.created_at,
        r1_0.deleted_at,
        r1_0.name,
        r1_0.updated_at 
    from
        roles r1_0 
    where
        (
            r1_0.deleted_at IS NULL
        ) 
        and r1_0.name=?
2026-06-16T17:01:12.689+05:30 DEBUG 39132 --- [hospital-management-system] [  restartedMain] org.hibernate.SQL                        : 
    insert 
    into
        roles
        (created_at, deleted_at, name, updated_at, id) 
    values
        (?, ?, ?, ?, default)
2026-06-16T17:01:12.691+05:30 DEBUG 39132 --- [hospital-management-system] [  restartedMain] org.hibernate.SQL                        : 
    select
        r1_0.id,
        r1_0.created_at,
        r1_0.deleted_at,
        r1_0.name,
        r1_0.updated_at 
    from
        roles r1_0 
    where
        (
            r1_0.deleted_at IS NULL
        ) 
        and r1_0.name=?
2026-06-16T17:01:12.692+05:30 DEBUG 39132 --- [hospital-management-system] [  restartedMain] org.hibernate.SQL                        : 
    insert 
    into
        roles
        (created_at, deleted_at, name, updated_at, id) 
    values
        (?, ?, ?, ?, default)
2026-06-16T17:01:12.694+05:30 DEBUG 39132 --- [hospital-management-system] [  restartedMain] org.hibernate.SQL                        : 
    select
        r1_0.id,
        r1_0.created_at,
        r1_0.deleted_at,
        r1_0.name,
        r1_0.updated_at 
    from
        roles r1_0 
    where
        (
            r1_0.deleted_at IS NULL
        ) 
        and r1_0.name=?
2026-06-16T17:01:12.696+05:30 DEBUG 39132 --- [hospital-management-system] [  restartedMain] org.hibernate.SQL                        : 
    insert 
    into
        roles
        (created_at, deleted_at, name, updated_at, id) 
    values
        (?, ?, ?, ?, default)
2026-06-16T17:01:12.698+05:30 DEBUG 39132 --- [hospital-management-system] [  restartedMain] org.hibernate.SQL                        : 
    select
        r1_0.id,
        r1_0.created_at,
        r1_0.deleted_at,
        r1_0.name,
        r1_0.updated_at 
    from
        roles r1_0 
    where
        (
            r1_0.deleted_at IS NULL
        ) 
        and r1_0.name=?
2026-06-16T17:01:12.699+05:30 DEBUG 39132 --- [hospital-management-system] [  restartedMain] org.hibernate.SQL                        : 
    insert 
    into
        roles
        (created_at, deleted_at, name, updated_at, id) 
    values
        (?, ?, ?, ?, default)
2026-06-16T17:01:12.701+05:30 DEBUG 39132 --- [hospital-management-system] [  restartedMain] org.hibernate.SQL                        : 
    select
        r1_0.id,
        r1_0.created_at,
        r1_0.deleted_at,
        r1_0.name,
        r1_0.updated_at 
    from
        roles r1_0 
    where
        (
            r1_0.deleted_at IS NULL
        ) 
        and r1_0.name=?
2026-06-16T17:01:12.702+05:30 DEBUG 39132 --- [hospital-management-system] [  restartedMain] org.hibernate.SQL                        : 
    insert 
    into
        roles
        (created_at, deleted_at, name, updated_at, id) 
    values
        (?, ?, ?, ?, default)
2026-06-16T17:01:12.704+05:30 DEBUG 39132 --- [hospital-management-system] [  restartedMain] org.hibernate.SQL                        : 
    select
        r1_0.id,
        r1_0.created_at,
        r1_0.deleted_at,
        r1_0.name,
        r1_0.updated_at 
    from
        roles r1_0 
    where
        (
            r1_0.deleted_at IS NULL
        ) 
        and r1_0.name=?
2026-06-16T17:01:12.706+05:30 DEBUG 39132 --- [hospital-management-system] [  restartedMain] org.hibernate.SQL                        : 
    insert 
    into
        roles
        (created_at, deleted_at, name, updated_at, id) 
    values
        (?, ?, ?, ?, default)
2026-06-16T17:01:12.707+05:30 DEBUG 39132 --- [hospital-management-system] [  restartedMain] org.hibernate.SQL                        : 
    select
        r1_0.id,
        r1_0.created_at,
        r1_0.deleted_at,
        r1_0.name,
        r1_0.updated_at 
    from
        roles r1_0 
    where
        (
            r1_0.deleted_at IS NULL
        ) 
        and r1_0.name=?
2026-06-16T17:01:12.709+05:30 DEBUG 39132 --- [hospital-management-system] [  restartedMain] org.hibernate.SQL                        : 
    insert 
    into
        roles
        (created_at, deleted_at, name, updated_at, id) 
    values
        (?, ?, ?, ?, default)
2026-06-16T17:01:12.710+05:30 DEBUG 39132 --- [hospital-management-system] [  restartedMain] org.hibernate.SQL                        : 
    select
        r1_0.id,
        r1_0.created_at,
        r1_0.deleted_at,
        r1_0.name,
        r1_0.updated_at 
    from
        roles r1_0 
    where
        (
            r1_0.deleted_at IS NULL
        ) 
        and r1_0.name=?
2026-06-16T17:01:12.711+05:30 DEBUG 39132 --- [hospital-management-system] [  restartedMain] org.hibernate.SQL                        : 
    insert 
    into
        roles
        (created_at, deleted_at, name, updated_at, id) 
    values
        (?, ?, ?, ?, default)
2026-06-16T17:01:12.713+05:30 DEBUG 39132 --- [hospital-management-system] [  restartedMain] org.hibernate.SQL                        : 
    select
        r1_0.id,
        r1_0.created_at,
        r1_0.deleted_at,
        r1_0.name,
        r1_0.updated_at 
    from
        roles r1_0 
    where
        (
            r1_0.deleted_at IS NULL
        ) 
        and r1_0.name=?
2026-06-16T17:01:12.715+05:30 DEBUG 39132 --- [hospital-management-system] [  restartedMain] org.hibernate.SQL                        : 
    insert 
    into
        roles
        (created_at, deleted_at, name, updated_at, id) 
    values
        (?, ?, ?, ?, default)
2026-06-16T17:01:12.717+05:30 DEBUG 39132 --- [hospital-management-system] [  restartedMain] org.hibernate.SQL                        : 
    select
        u1_0.id,
        u1_0.active,
        u1_0.created_at,
        u1_0.deleted_at,
        u1_0.email,
        u1_0.full_name,
        u1_0.name_bucket,
        u1_0.password_hash,
        u1_0.phone,
        u1_0.revoked_at,
        u1_0.sort_name_norm,
        u1_0.suspended,
        u1_0.updated_at,
        u1_0.username 
    from
        users u1_0 
    where
        (
            u1_0.deleted_at IS NULL
        ) 
        and u1_0.username=?
2026-06-16T17:01:13.155+05:30 DEBUG 39132 --- [hospital-management-system] [  restartedMain] org.hibernate.SQL                        : 
    insert 
    into
        users
        (active, created_at, deleted_at, email, full_name, name_bucket, password_hash, phone, revoked_at, sort_name_norm, suspended, updated_at, username, id) 
    values
        (?, ?, ?, ?, ?, ?, ?, ?, ?, ?, ?, ?, ?, default)
2026-06-16T17:01:13.164+05:30 DEBUG 39132 --- [hospital-management-system] [  restartedMain] org.hibernate.SQL                        : 
    select
        r1_0.id,
        r1_0.created_at,
        r1_0.deleted_at,
        r1_0.name,
        r1_0.updated_at 
    from
        roles r1_0 
    where
        (
            r1_0.deleted_at IS NULL
        ) 
        and r1_0.name=?
2026-06-16T17:01:13.175+05:30 DEBUG 39132 --- [hospital-management-system] [  restartedMain] org.hibernate.SQL                        : 
    select
        ura1_0.role_id,
        ura1_0.user_id,
        ura1_0.created_at,
        ura1_0.deleted_at 
    from
        user_roles ura1_0 
    where
        ura1_0.user_id=? 
        and ura1_0.role_id=?
2026-06-16T17:01:13.186+05:30 DEBUG 39132 --- [hospital-management-system] [  restartedMain] org.hibernate.SQL                        : 
    select
        ura1_0.role_id,
        ura1_0.user_id,
        ura1_0.created_at,
        ura1_0.deleted_at 
    from
        user_roles ura1_0 
    where
        (
            ura1_0.role_id, ura1_0.user_id
        ) in ((?, ?))
2026-06-16T17:01:13.198+05:30 DEBUG 39132 --- [hospital-management-system] [  restartedMain] org.hibernate.SQL                        : 
    insert 
    into
        user_roles
        (created_at, deleted_at, role_id, user_id) 
    values
        (?, ?, ?, ?)
2026-06-16T17:01:13.201+05:30 DEBUG 39132 --- [hospital-management-system] [  restartedMain] org.hibernate.SQL                        : 
    select
        r1_0.id,
        r1_0.created_at,
        r1_0.deleted_at,
        r1_0.name,
        r1_0.updated_at 
    from
        roles r1_0 
    where
        (
            r1_0.deleted_at IS NULL
        ) 
        and r1_0.name=?
2026-06-16T17:01:13.203+05:30 DEBUG 39132 --- [hospital-management-system] [  restartedMain] org.hibernate.SQL                        : 
    select
        ura1_0.role_id,
        ura1_0.user_id,
        ura1_0.created_at,
        ura1_0.deleted_at 
    from
        user_roles ura1_0 
    where
        ura1_0.user_id=? 
        and ura1_0.role_id=?
2026-06-16T17:01:13.204+05:30 DEBUG 39132 --- [hospital-management-system] [  restartedMain] org.hibernate.SQL                        : 
    select
        ura1_0.role_id,
        ura1_0.user_id,
        ura1_0.created_at,
        ura1_0.deleted_at 
    from
        user_roles ura1_0 
    where
        (
            ura1_0.role_id, ura1_0.user_id
        ) in ((?, ?))
2026-06-16T17:01:13.206+05:30 DEBUG 39132 --- [hospital-management-system] [  restartedMain] org.hibernate.SQL                        : 
    insert 
    into
        user_roles
        (created_at, deleted_at, role_id, user_id) 
    values
        (?, ?, ?, ?)
2026-06-16T17:01:13.207+05:30 DEBUG 39132 --- [hospital-management-system] [  restartedMain] org.hibernate.SQL                        : 
    select
        r1_0.id,
        r1_0.created_at,
        r1_0.deleted_at,
        r1_0.name,
        r1_0.updated_at 
    from
        roles r1_0 
    where
        (
            r1_0.deleted_at IS NULL
        ) 
        and r1_0.name=?
2026-06-16T17:01:13.209+05:30 DEBUG 39132 --- [hospital-management-system] [  restartedMain] org.hibernate.SQL                        : 
    select
        ura1_0.role_id,
        ura1_0.user_id,
        ura1_0.created_at,
        ura1_0.deleted_at 
    from
        user_roles ura1_0 
    where
        ura1_0.user_id=? 
        and ura1_0.role_id=?
2026-06-16T17:01:13.210+05:30 DEBUG 39132 --- [hospital-management-system] [  restartedMain] org.hibernate.SQL                        : 
    select
        ura1_0.role_id,
        ura1_0.user_id,
        ura1_0.created_at,
        ura1_0.deleted_at 
    from
        user_roles ura1_0 
    where
        (
            ura1_0.role_id, ura1_0.user_id
        ) in ((?, ?))
2026-06-16T17:01:13.211+05:30 DEBUG 39132 --- [hospital-management-system] [  restartedMain] org.hibernate.SQL                        : 
    insert 
    into
        user_roles
        (created_at, deleted_at, role_id, user_id) 
    values
        (?, ?, ?, ?)
2026-06-16T17:01:13.604+05:30 DEBUG 39132 --- [hospital-management-system] [  restartedMain] org.hibernate.SQL                        : 
    insert 
    into
        users
        (active, created_at, deleted_at, email, full_name, name_bucket, password_hash, phone, revoked_at, sort_name_norm, suspended, updated_at, username, id) 
    values
        (?, ?, ?, ?, ?, ?, ?, ?, ?, ?, ?, ?, ?, default)
2026-06-16T17:01:13.614+05:30 DEBUG 39132 --- [hospital-management-system] [  restartedMain] org.hibernate.SQL                        : 
    select
        r1_0.id,
        r1_0.created_at,
        r1_0.deleted_at,
        r1_0.name,
        r1_0.updated_at 
    from
        roles r1_0 
    where
        (
            r1_0.deleted_at IS NULL
        ) 
        and r1_0.name=?
2026-06-16T17:01:13.619+05:30 DEBUG 39132 --- [hospital-management-system] [  restartedMain] org.hibernate.SQL                        : 
    select
        ura1_0.role_id,
        ura1_0.user_id,
        ura1_0.created_at,
        ura1_0.deleted_at 
    from
        user_roles ura1_0 
    where
        ura1_0.user_id=? 
        and ura1_0.role_id=?
2026-06-16T17:01:13.620+05:30 DEBUG 39132 --- [hospital-management-system] [  restartedMain] org.hibernate.SQL                        : 
    select
        ura1_0.role_id,
        ura1_0.user_id,
        ura1_0.created_at,
        ura1_0.deleted_at 
    from
        user_roles ura1_0 
    where
        (
            ura1_0.role_id, ura1_0.user_id
        ) in ((?, ?))
2026-06-16T17:01:13.622+05:30 DEBUG 39132 --- [hospital-management-system] [  restartedMain] org.hibernate.SQL                        : 
    insert 
    into
        user_roles
        (created_at, deleted_at, role_id, user_id) 
    values
        (?, ?, ?, ?)
2026-06-16T17:01:13.979+05:30 DEBUG 39132 --- [hospital-management-system] [  restartedMain] org.hibernate.SQL                        : 
    insert 
    into
        users
        (active, created_at, deleted_at, email, full_name, name_bucket, password_hash, phone, revoked_at, sort_name_norm, suspended, updated_at, username, id) 
    values
        (?, ?, ?, ?, ?, ?, ?, ?, ?, ?, ?, ?, ?, default)
2026-06-16T17:01:13.987+05:30 DEBUG 39132 --- [hospital-management-system] [  restartedMain] org.hibernate.SQL                        : 
    select
        r1_0.id,
        r1_0.created_at,
        r1_0.deleted_at,
        r1_0.name,
        r1_0.updated_at 
    from
        roles r1_0 
    where
        (
            r1_0.deleted_at IS NULL
        ) 
        and r1_0.name=?
2026-06-16T17:01:13.989+05:30 DEBUG 39132 --- [hospital-management-system] [  restartedMain] org.hibernate.SQL                        : 
    select
        ura1_0.role_id,
        ura1_0.user_id,
        ura1_0.created_at,
        ura1_0.deleted_at 
    from
        user_roles ura1_0 
    where
        ura1_0.user_id=? 
        and ura1_0.role_id=?
2026-06-16T17:01:13.990+05:30 DEBUG 39132 --- [hospital-management-system] [  restartedMain] org.hibernate.SQL                        : 
    select
        ura1_0.role_id,
        ura1_0.user_id,
        ura1_0.created_at,
        ura1_0.deleted_at 
    from
        user_roles ura1_0 
    where
        (
            ura1_0.role_id, ura1_0.user_id
        ) in ((?, ?))
2026-06-16T17:01:13.992+05:30 DEBUG 39132 --- [hospital-management-system] [  restartedMain] org.hibernate.SQL                        : 
    insert 
    into
        user_roles
        (created_at, deleted_at, role_id, user_id) 
    values
        (?, ?, ?, ?)
2026-06-16T17:01:14.353+05:30 DEBUG 39132 --- [hospital-management-system] [  restartedMain] org.hibernate.SQL                        : 
    insert 
    into
        users
        (active, created_at, deleted_at, email, full_name, name_bucket, password_hash, phone, revoked_at, sort_name_norm, suspended, updated_at, username, id) 
    values
        (?, ?, ?, ?, ?, ?, ?, ?, ?, ?, ?, ?, ?, default)
2026-06-16T17:01:14.362+05:30 DEBUG 39132 --- [hospital-management-system] [  restartedMain] org.hibernate.SQL                        : 
    select
        r1_0.id,
        r1_0.created_at,
        r1_0.deleted_at,
        r1_0.name,
        r1_0.updated_at 
    from
        roles r1_0 
    where
        (
            r1_0.deleted_at IS NULL
        ) 
        and r1_0.name=?
2026-06-16T17:01:14.364+05:30 DEBUG 39132 --- [hospital-management-system] [  restartedMain] org.hibernate.SQL                        : 
    select
        ura1_0.role_id,
        ura1_0.user_id,
        ura1_0.created_at,
        ura1_0.deleted_at 
    from
        user_roles ura1_0 
    where
        ura1_0.user_id=? 
        and ura1_0.role_id=?
2026-06-16T17:01:14.367+05:30 DEBUG 39132 --- [hospital-management-system] [  restartedMain] org.hibernate.SQL                        : 
    select
        ura1_0.role_id,
        ura1_0.user_id,
        ura1_0.created_at,
        ura1_0.deleted_at 
    from
        user_roles ura1_0 
    where
        (
            ura1_0.role_id, ura1_0.user_id
        ) in ((?, ?))
2026-06-16T17:01:14.370+05:30 DEBUG 39132 --- [hospital-management-system] [  restartedMain] org.hibernate.SQL                        : 
    insert 
    into
        user_roles
        (created_at, deleted_at, role_id, user_id) 
    values
        (?, ?, ?, ?)
2026-06-16T17:01:14.767+05:30 DEBUG 39132 --- [hospital-management-system] [  restartedMain] org.hibernate.SQL                        : 
    insert 
    into
        users
        (active, created_at, deleted_at, email, full_name, name_bucket, password_hash, phone, revoked_at, sort_name_norm, suspended, updated_at, username, id) 
    values
        (?, ?, ?, ?, ?, ?, ?, ?, ?, ?, ?, ?, ?, default)
2026-06-16T17:01:14.776+05:30 DEBUG 39132 --- [hospital-management-system] [  restartedMain] org.hibernate.SQL                        : 
    select
        r1_0.id,
        r1_0.created_at,
        r1_0.deleted_at,
        r1_0.name,
        r1_0.updated_at 
    from
        roles r1_0 
    where
        (
            r1_0.deleted_at IS NULL
        ) 
        and r1_0.name=?
2026-06-16T17:01:14.781+05:30 DEBUG 39132 --- [hospital-management-system] [  restartedMain] org.hibernate.SQL                        : 
    select
        ura1_0.role_id,
        ura1_0.user_id,
        ura1_0.created_at,
        ura1_0.deleted_at 
    from
        user_roles ura1_0 
    where
        ura1_0.user_id=? 
        and ura1_0.role_id=?
2026-06-16T17:01:14.783+05:30 DEBUG 39132 --- [hospital-management-system] [  restartedMain] org.hibernate.SQL                        : 
    select
        ura1_0.role_id,
        ura1_0.user_id,
        ura1_0.created_at,
        ura1_0.deleted_at 
    from
        user_roles ura1_0 
    where
        (
            ura1_0.role_id, ura1_0.user_id
        ) in ((?, ?))
2026-06-16T17:01:14.786+05:30 DEBUG 39132 --- [hospital-management-system] [  restartedMain] org.hibernate.SQL                        : 
    insert 
    into
        user_roles
        (created_at, deleted_at, role_id, user_id) 
    values
        (?, ?, ?, ?)
2026-06-16T17:01:15.203+05:30 DEBUG 39132 --- [hospital-management-system] [  restartedMain] org.hibernate.SQL                        : 
    insert 
    into
        users
        (active, created_at, deleted_at, email, full_name, name_bucket, password_hash, phone, revoked_at, sort_name_norm, suspended, updated_at, username, id) 
    values
        (?, ?, ?, ?, ?, ?, ?, ?, ?, ?, ?, ?, ?, default)
2026-06-16T17:01:15.208+05:30 DEBUG 39132 --- [hospital-management-system] [  restartedMain] org.hibernate.SQL                        : 
    select
        r1_0.id,
        r1_0.created_at,
        r1_0.deleted_at,
        r1_0.name,
        r1_0.updated_at 
    from
        roles r1_0 
    where
        (
            r1_0.deleted_at IS NULL
        ) 
        and r1_0.name=?
2026-06-16T17:01:15.212+05:30 DEBUG 39132 --- [hospital-management-system] [  restartedMain] org.hibernate.SQL                        : 
    select
        ura1_0.role_id,
        ura1_0.user_id,
        ura1_0.created_at,
        ura1_0.deleted_at 
    from
        user_roles ura1_0 
    where
        ura1_0.user_id=? 
        and ura1_0.role_id=?
2026-06-16T17:01:15.215+05:30 DEBUG 39132 --- [hospital-management-system] [  restartedMain] org.hibernate.SQL                        : 
    select
        ura1_0.role_id,
        ura1_0.user_id,
        ura1_0.created_at,
        ura1_0.deleted_at 
    from
        user_roles ura1_0 
    where
        (
            ura1_0.role_id, ura1_0.user_id
        ) in ((?, ?))
2026-06-16T17:01:15.216+05:30 DEBUG 39132 --- [hospital-management-system] [  restartedMain] org.hibernate.SQL                        : 
    insert 
    into
        user_roles
        (created_at, deleted_at, role_id, user_id) 
    values
        (?, ?, ?, ?)
2026-06-16T17:01:15.640+05:30 DEBUG 39132 --- [hospital-management-system] [  restartedMain] org.hibernate.SQL                        : 
    insert 
    into
        users
        (active, created_at, deleted_at, email, full_name, name_bucket, password_hash, phone, revoked_at, sort_name_norm, suspended, updated_at, username, id) 
    values
        (?, ?, ?, ?, ?, ?, ?, ?, ?, ?, ?, ?, ?, default)
2026-06-16T17:01:15.650+05:30 DEBUG 39132 --- [hospital-management-system] [  restartedMain] org.hibernate.SQL                        : 
    select
        r1_0.id,
        r1_0.created_at,
        r1_0.deleted_at,
        r1_0.name,
        r1_0.updated_at 
    from
        roles r1_0 
    where
        (
            r1_0.deleted_at IS NULL
        ) 
        and r1_0.name=?
2026-06-16T17:01:15.653+05:30 DEBUG 39132 --- [hospital-management-system] [  restartedMain] org.hibernate.SQL                        : 
    select
        ura1_0.role_id,
        ura1_0.user_id,
        ura1_0.created_at,
        ura1_0.deleted_at 
    from
        user_roles ura1_0 
    where
        ura1_0.user_id=? 
        and ura1_0.role_id=?
2026-06-16T17:01:15.654+05:30 DEBUG 39132 --- [hospital-management-system] [  restartedMain] org.hibernate.SQL                        : 
    select
        ura1_0.role_id,
        ura1_0.user_id,
        ura1_0.created_at,
        ura1_0.deleted_at 
    from
        user_roles ura1_0 
    where
        (
            ura1_0.role_id, ura1_0.user_id
        ) in ((?, ?))
2026-06-16T17:01:15.656+05:30 DEBUG 39132 --- [hospital-management-system] [  restartedMain] org.hibernate.SQL                        : 
    insert 
    into
        user_roles
        (created_at, deleted_at, role_id, user_id) 
    values
        (?, ?, ?, ?)
2026-06-16T17:01:16.007+05:30 DEBUG 39132 --- [hospital-management-system] [  restartedMain] org.hibernate.SQL                        : 
    insert 
    into
        users
        (active, created_at, deleted_at, email, full_name, name_bucket, password_hash, phone, revoked_at, sort_name_norm, suspended, updated_at, username, id) 
    values
        (?, ?, ?, ?, ?, ?, ?, ?, ?, ?, ?, ?, ?, default)
2026-06-16T17:01:16.016+05:30 DEBUG 39132 --- [hospital-management-system] [  restartedMain] org.hibernate.SQL                        : 
    select
        r1_0.id,
        r1_0.created_at,
        r1_0.deleted_at,
        r1_0.name,
        r1_0.updated_at 
    from
        roles r1_0 
    where
        (
            r1_0.deleted_at IS NULL
        ) 
        and r1_0.name=?
2026-06-16T17:01:16.018+05:30 DEBUG 39132 --- [hospital-management-system] [  restartedMain] org.hibernate.SQL                        : 
    select
        ura1_0.role_id,
        ura1_0.user_id,
        ura1_0.created_at,
        ura1_0.deleted_at 
    from
        user_roles ura1_0 
    where
        ura1_0.user_id=? 
        and ura1_0.role_id=?
2026-06-16T17:01:16.019+05:30 DEBUG 39132 --- [hospital-management-system] [  restartedMain] org.hibernate.SQL                        : 
    select
        ura1_0.role_id,
        ura1_0.user_id,
        ura1_0.created_at,
        ura1_0.deleted_at 
    from
        user_roles ura1_0 
    where
        (
            ura1_0.role_id, ura1_0.user_id
        ) in ((?, ?))
2026-06-16T17:01:16.021+05:30 DEBUG 39132 --- [hospital-management-system] [  restartedMain] org.hibernate.SQL                        : 
    insert 
    into
        user_roles
        (created_at, deleted_at, role_id, user_id) 
    values
        (?, ?, ?, ?)
2026-06-16T17:01:16.417+05:30 DEBUG 39132 --- [hospital-management-system] [  restartedMain] org.hibernate.SQL                        : 
    insert 
    into
        users
        (active, created_at, deleted_at, email, full_name, name_bucket, password_hash, phone, revoked_at, sort_name_norm, suspended, updated_at, username, id) 
    values
        (?, ?, ?, ?, ?, ?, ?, ?, ?, ?, ?, ?, ?, default)
2026-06-16T17:01:16.428+05:30 DEBUG 39132 --- [hospital-management-system] [  restartedMain] org.hibernate.SQL                        : 
    select
        r1_0.id,
        r1_0.created_at,
        r1_0.deleted_at,
        r1_0.name,
        r1_0.updated_at 
    from
        roles r1_0 
    where
        (
            r1_0.deleted_at IS NULL
        ) 
        and r1_0.name=?
2026-06-16T17:01:16.431+05:30 DEBUG 39132 --- [hospital-management-system] [  restartedMain] org.hibernate.SQL                        : 
    select
        ura1_0.role_id,
        ura1_0.user_id,
        ura1_0.created_at,
        ura1_0.deleted_at 
    from
        user_roles ura1_0 
    where
        ura1_0.user_id=? 
        and ura1_0.role_id=?
2026-06-16T17:01:16.432+05:30 DEBUG 39132 --- [hospital-management-system] [  restartedMain] org.hibernate.SQL                        : 
    select
        ura1_0.role_id,
        ura1_0.user_id,
        ura1_0.created_at,
        ura1_0.deleted_at 
    from
        user_roles ura1_0 
    where
        (
            ura1_0.role_id, ura1_0.user_id
        ) in ((?, ?))
2026-06-16T17:01:16.435+05:30 DEBUG 39132 --- [hospital-management-system] [  restartedMain] org.hibernate.SQL                        : 
    insert 
    into
        user_roles
        (created_at, deleted_at, role_id, user_id) 
    values
        (?, ?, ?, ?)
2026-06-16T17:01:16.829+05:30 DEBUG 39132 --- [hospital-management-system] [  restartedMain] org.hibernate.SQL                        : 
    insert 
    into
        users
        (active, created_at, deleted_at, email, full_name, name_bucket, password_hash, phone, revoked_at, sort_name_norm, suspended, updated_at, username, id) 
    values
        (?, ?, ?, ?, ?, ?, ?, ?, ?, ?, ?, ?, ?, default)
2026-06-16T17:01:16.840+05:30 DEBUG 39132 --- [hospital-management-system] [  restartedMain] org.hibernate.SQL                        : 
    select
        r1_0.id,
        r1_0.created_at,
        r1_0.deleted_at,
        r1_0.name,
        r1_0.updated_at 
    from
        roles r1_0 
    where
        (
            r1_0.deleted_at IS NULL
        ) 
        and r1_0.name=?
2026-06-16T17:01:16.843+05:30 DEBUG 39132 --- [hospital-management-system] [  restartedMain] org.hibernate.SQL                        : 
    select
        ura1_0.role_id,
        ura1_0.user_id,
        ura1_0.created_at,
        ura1_0.deleted_at 
    from
        user_roles ura1_0 
    where
        ura1_0.user_id=? 
        and ura1_0.role_id=?
2026-06-16T17:01:16.845+05:30 DEBUG 39132 --- [hospital-management-system] [  restartedMain] org.hibernate.SQL                        : 
    select
        ura1_0.role_id,
        ura1_0.user_id,
        ura1_0.created_at,
        ura1_0.deleted_at 
    from
        user_roles ura1_0 
    where
        (
            ura1_0.role_id, ura1_0.user_id
        ) in ((?, ?))
2026-06-16T17:01:16.846+05:30 DEBUG 39132 --- [hospital-management-system] [  restartedMain] org.hibernate.SQL                        : 
    insert 
    into
        user_roles
        (created_at, deleted_at, role_id, user_id) 
    values
        (?, ?, ?, ?)
2026-06-16T17:01:16.850+05:30 DEBUG 39132 --- [hospital-management-system] [  restartedMain] org.hibernate.SQL                        : 
    insert 
    into
        patient_profiles
        (blood_group, created_at, deleted_at, mrn, updated_at, user_id, id) 
    values
        (?, ?, ?, ?, ?, ?, default)
2026-06-16T17:01:16.863+05:30 DEBUG 39132 --- [hospital-management-system] [  restartedMain] org.hibernate.SQL                        : 
    select
        count(*) 
    from
        wards w1_0 
    where
        (
            w1_0.deleted_at IS NULL
        )
2026-06-16T17:01:16.868+05:30 DEBUG 39132 --- [hospital-management-system] [  restartedMain] org.hibernate.SQL                        : 
    insert 
    into
        wards
        (bed_type, created_at, deleted_at, name, updated_at, id) 
    values
        (?, ?, ?, ?, ?, default)
2026-06-16T17:01:16.870+05:30 DEBUG 39132 --- [hospital-management-system] [  restartedMain] org.hibernate.SQL                        : 
    insert 
    into
        wards
        (bed_type, created_at, deleted_at, name, updated_at, id) 
    values
        (?, ?, ?, ?, ?, default)
2026-06-16T17:01:16.871+05:30 DEBUG 39132 --- [hospital-management-system] [  restartedMain] org.hibernate.SQL                        : 
    insert 
    into
        wards
        (bed_type, created_at, deleted_at, name, updated_at, id) 
    values
        (?, ?, ?, ?, ?, default)
2026-06-16T17:01:16.872+05:30 DEBUG 39132 --- [hospital-management-system] [  restartedMain] org.hibernate.SQL                        : 
    insert 
    into
        wards
        (bed_type, created_at, deleted_at, name, updated_at, id) 
    values
        (?, ?, ?, ?, ?, default)
2026-06-16T17:01:16.874+05:30 DEBUG 39132 --- [hospital-management-system] [  restartedMain] org.hibernate.SQL                        : 
    insert 
    into
        wards
        (bed_type, created_at, deleted_at, name, updated_at, id) 
    values
        (?, ?, ?, ?, ?, default)
2026-06-16T17:01:16.875+05:30 DEBUG 39132 --- [hospital-management-system] [  restartedMain] org.hibernate.SQL                        : 
    insert 
    into
        beds
        (bed_code, created_at, deleted_at, status, updated_at, ward_id, id) 
    values
        (?, ?, ?, ?, ?, ?, default)
2026-06-16T17:01:16.877+05:30 DEBUG 39132 --- [hospital-management-system] [  restartedMain] org.hibernate.SQL                        : 
    insert 
    into
        beds
        (bed_code, created_at, deleted_at, status, updated_at, ward_id, id) 
    values
        (?, ?, ?, ?, ?, ?, default)
2026-06-16T17:01:16.879+05:30 DEBUG 39132 --- [hospital-management-system] [  restartedMain] org.hibernate.SQL                        : 
    insert 
    into
        beds
        (bed_code, created_at, deleted_at, status, updated_at, ward_id, id) 
    values
        (?, ?, ?, ?, ?, ?, default)
2026-06-16T17:01:16.881+05:30 DEBUG 39132 --- [hospital-management-system] [  restartedMain] org.hibernate.SQL                        : 
    insert 
    into
        beds
        (bed_code, created_at, deleted_at, status, updated_at, ward_id, id) 
    values
        (?, ?, ?, ?, ?, ?, default)
2026-06-16T17:01:16.883+05:30 DEBUG 39132 --- [hospital-management-system] [  restartedMain] org.hibernate.SQL                        : 
    insert 
    into
        beds
        (bed_code, created_at, deleted_at, status, updated_at, ward_id, id) 
    values
        (?, ?, ?, ?, ?, ?, default)
2026-06-16T17:01:16.884+05:30 DEBUG 39132 --- [hospital-management-system] [  restartedMain] org.hibernate.SQL                        : 
    insert 
    into
        beds
        (bed_code, created_at, deleted_at, status, updated_at, ward_id, id) 
    values
        (?, ?, ?, ?, ?, ?, default)
2026-06-16T17:01:16.886+05:30 DEBUG 39132 --- [hospital-management-system] [  restartedMain] org.hibernate.SQL                        : 
    insert 
    into
        beds
        (bed_code, created_at, deleted_at, status, updated_at, ward_id, id) 
    values
        (?, ?, ?, ?, ?, ?, default)
2026-06-16T17:01:16.888+05:30 DEBUG 39132 --- [hospital-management-system] [  restartedMain] org.hibernate.SQL                        : 
    select
        count(*) 
    from
        canteen_menu_items cmi1_0 
    where
        (
            cmi1_0.deleted_at IS NULL
        )
2026-06-16T17:01:16.890+05:30 DEBUG 39132 --- [hospital-management-system] [  restartedMain] org.hibernate.SQL                        : 
    insert 
    into
        canteen_menu_items
        (available, created_at, deleted_at, description, name, price, updated_at, id) 
    values
        (?, ?, ?, ?, ?, ?, ?, default)
2026-06-16T17:01:16.893+05:30 DEBUG 39132 --- [hospital-management-system] [  restartedMain] org.hibernate.SQL                        : 
    insert 
    into
        canteen_menu_items
        (available, created_at, deleted_at, description, name, price, updated_at, id) 
    values
        (?, ?, ?, ?, ?, ?, ?, default)
2026-06-16T17:01:16.895+05:30 DEBUG 39132 --- [hospital-management-system] [  restartedMain] org.hibernate.SQL                        : 
    insert 
    into
        canteen_menu_items
        (available, created_at, deleted_at, description, name, price, updated_at, id) 
    values
        (?, ?, ?, ?, ?, ?, ?, default)
2026-06-16T17:01:16.898+05:30 DEBUG 39132 --- [hospital-management-system] [  restartedMain] org.hibernate.SQL                        : 
    select
        count(*) 
    from
        payroll_components pc1_0 
    where
        (
            pc1_0.deleted_at IS NULL
        )
2026-06-16T17:01:16.901+05:30 DEBUG 39132 --- [hospital-management-system] [  restartedMain] org.hibernate.SQL                        : 
    insert 
    into
        payroll_components
        (code, component_kind, created_at, deleted_at, name, taxable, updated_at, id) 
    values
        (?, ?, ?, ?, ?, ?, ?, default)
2026-06-16T17:01:16.903+05:30 DEBUG 39132 --- [hospital-management-system] [  restartedMain] org.hibernate.SQL                        : 
    insert 
    into
        payroll_components
        (code, component_kind, created_at, deleted_at, name, taxable, updated_at, id) 
    values
        (?, ?, ?, ?, ?, ?, ?, default)
2026-06-16T17:01:16.905+05:30 DEBUG 39132 --- [hospital-management-system] [  restartedMain] org.hibernate.SQL                        : 
    insert 
    into
        payroll_components
        (code, component_kind, created_at, deleted_at, name, taxable, updated_at, id) 
    values
        (?, ?, ?, ?, ?, ?, ?, default)
2026-06-16T17:01:16.906+05:30 DEBUG 39132 --- [hospital-management-system] [  restartedMain] org.hibernate.SQL                        : 
    insert 
    into
        payroll_components
        (code, component_kind, created_at, deleted_at, name, taxable, updated_at, id) 
    values
        (?, ?, ?, ?, ?, ?, ?, default)
2026-06-16T17:01:16.908+05:30 DEBUG 39132 --- [hospital-management-system] [  restartedMain] org.hibernate.SQL                        : 
    insert 
    into
        payroll_components
        (code, component_kind, created_at, deleted_at, name, taxable, updated_at, id) 
    values
        (?, ?, ?, ?, ?, ?, ?, default)
2026-06-16T17:01:16.910+05:30 DEBUG 39132 --- [hospital-management-system] [  restartedMain] org.hibernate.SQL                        : 
    select
        count(*) 
    from
        vendors v1_0 
    where
        (
            v1_0.deleted_at IS NULL
        )
2026-06-16T17:01:16.912+05:30 DEBUG 39132 --- [hospital-management-system] [  restartedMain] org.hibernate.SQL                        : 
    insert 
    into
        vendors
        (active, address, contact_person, created_at, deleted_at, email, gstin, legal_name, pan, party_type, payment_terms_days, phone, trade_name, updated_at, id) 
    values
        (?, ?, ?, ?, ?, ?, ?, ?, ?, ?, ?, ?, ?, ?, default)
2026-06-16T17:01:16.914+05:30 DEBUG 39132 --- [hospital-management-system] [  restartedMain] o.s.boot.devtools.restart.Restarter      : Creating new Restarter for thread Thread[#1,main,5,main]
2026-06-16T17:01:16.915+05:30 DEBUG 39132 --- [hospital-management-system] [  restartedMain] o.s.boot.devtools.restart.Restarter      : Immediately restarting application
2026-06-16T17:01:16.915+05:30 DEBUG 39132 --- [hospital-management-system] [  restartedMain] o.s.boot.devtools.restart.Restarter      : Starting application com.hospital.hms.HmsApplication with URLs [file:/C:/Users/mohda/Downloads/Personal_Learning/Personal_Learning/hospital-management-system/target/classes/]
2026-06-16T17:01:16.916+05:30 DEBUG 39132 --- [hospital-management-system] [  restartedMain] o.s.b.a.ApplicationAvailabilityBean      : Application availability state ReadinessState changed to ACCEPTING_TRAFFIC
2026-06-16T17:01:50.831+05:30  INFO 39132 --- [hospital-management-system] [nio-8082-exec-2] o.a.c.c.C.[Tomcat].[localhost].[/]       : Initializing Spring DispatcherServlet 'dispatcherServlet'
2026-06-16T17:01:50.831+05:30  INFO 39132 --- [hospital-management-system] [nio-8082-exec-2] o.s.web.servlet.DispatcherServlet        : Initializing Servlet 'dispatcherServlet'
2026-06-16T17:01:50.832+05:30 DEBUG 39132 --- [hospital-management-system] [nio-8082-exec-2] o.s.web.servlet.DispatcherServlet        : Detected StandardServletMultipartResolver
2026-06-16T17:01:50.832+05:30 DEBUG 39132 --- [hospital-management-system] [nio-8082-exec-2] o.s.web.servlet.DispatcherServlet        : Detected AcceptHeaderLocaleResolver
2026-06-16T17:01:50.832+05:30 DEBUG 39132 --- [hospital-management-system] [nio-8082-exec-2] o.s.web.servlet.DispatcherServlet        : Detected FixedThemeResolver
2026-06-16T17:01:50.834+05:30 DEBUG 39132 --- [hospital-management-system] [nio-8082-exec-2] o.s.web.servlet.DispatcherServlet        : Detected org.springframework.web.servlet.view.DefaultRequestToViewNameTranslator@20734210
2026-06-16T17:01:50.834+05:30 DEBUG 39132 --- [hospital-management-system] [nio-8082-exec-2] o.s.web.servlet.DispatcherServlet        : Detected org.springframework.web.servlet.support.SessionFlashMapManager@3ca16f22
2026-06-16T17:01:50.835+05:30 DEBUG 39132 --- [hospital-management-system] [nio-8082-exec-2] o.s.web.servlet.DispatcherServlet        : enableLoggingRequestDetails='false': request parameters and headers will be masked to prevent unsafe logging of potentially sensitive data
2026-06-16T17:01:50.835+05:30  INFO 39132 --- [hospital-management-system] [nio-8082-exec-2] o.s.web.servlet.DispatcherServlet        : Completed initialization in 4 ms
2026-06-16T17:01:50.845+05:30 DEBUG 39132 --- [hospital-management-system] [nio-8082-exec-2] o.s.web.servlet.DispatcherServlet        : GET "/login", parameters={}
2026-06-16T17:01:50.845+05:30 DEBUG 39132 --- [hospital-management-system] [nio-8082-exec-1] o.s.web.servlet.DispatcherServlet        : GET "/app/reception/desk", parameters={}
2026-06-16T17:01:50.852+05:30 DEBUG 39132 --- [hospital-management-system] [nio-8082-exec-1] s.w.s.m.m.a.RequestMappingHandlerMapping : Mapped to com.hospital.hms.web.ui.UiReceptionController#desk(Model)
2026-06-16T17:01:50.853+05:30 DEBUG 39132 --- [hospital-management-system] [nio-8082-exec-2] s.w.s.m.m.a.RequestMappingHandlerMapping : Mapped to com.hospital.hms.web.ui.AuthMvcController#loginPage(String, String, Model)
2026-06-16T17:01:50.855+05:30 DEBUG 39132 --- [hospital-management-system] [nio-8082-exec-1] o.s.web.servlet.DispatcherServlet        : Completed 302 FOUND
2026-06-16T17:01:50.885+05:30 DEBUG 39132 --- [hospital-management-system] [nio-8082-exec-2] o.s.w.s.v.ContentNegotiatingViewResolver : Selected '*/*' given [*/*]
2026-06-16T17:01:51.224+05:30 DEBUG 39132 --- [hospital-management-system] [nio-8082-exec-2] o.s.web.servlet.DispatcherServlet        : Completed 200 OK
2026-06-16T18:56:16.207+05:30  WARN 39132 --- [hospital-management-system] [l-1 housekeeper] com.zaxxer.hikari.pool.HikariPool        : HikariPool-1 - Thread starvation or clock leap detected (housekeeper delta=1h42m38s685ms922µs100ns).
2026-06-16T20:46:28.848+05:30  WARN 39132 --- [hospital-management-system] [l-1 housekeeper] com.zaxxer.hikari.pool.HikariPool        : HikariPool-1 - Thread starvation or clock leap detected (housekeeper delta=1h50m12s641ms443µs600ns).
2026-06-16T21:14:58.979+05:30  WARN 39132 --- [hospital-management-system] [l-1 housekeeper] com.zaxxer.hikari.pool.HikariPool        : HikariPool-1 - Thread starvation or clock leap detected (housekeeper delta=28m30s130ms486µs700ns).
2026-06-16T22:00:24.035+05:30  WARN 39132 --- [hospital-management-system] [l-1 housekeeper] com.zaxxer.hikari.pool.HikariPool        : HikariPool-1 - Thread starvation or clock leap detected (housekeeper delta=37m24s922ms51µs300ns).
2026-06-16T23:08:39.631+05:30  WARN 39132 --- [hospital-management-system] [l-1 housekeeper] com.zaxxer.hikari.pool.HikariPool        : HikariPool-1 - Thread starvation or clock leap detected (housekeeper delta=1h7m15s576ms542µs900ns).
2026-06-17T00:17:00.425+05:30  WARN 39132 --- [hospital-management-system] [l-1 housekeeper] com.zaxxer.hikari.pool.HikariPool        : HikariPool-1 - Thread starvation or clock leap detected (housekeeper delta=39m50s352ms379µs400ns).
2026-06-17T00:56:49.583+05:30  WARN 39132 --- [hospital-management-system] [l-1 housekeeper] com.zaxxer.hikari.pool.HikariPool        : HikariPool-1 - Thread starvation or clock leap detected (housekeeper delta=36m19s101ms319µs300ns).
2026-06-17T01:14:00.644+05:30  WARN 39132 --- [hospital-management-system] [l-1 housekeeper] com.zaxxer.hikari.pool.HikariPool        : HikariPool-1 - Thread starvation or clock leap detected (housekeeper delta=17m11s61ms183µs200ns).
2026-06-17T02:13:06.247+05:30  WARN 39132 --- [hospital-management-system] [l-1 housekeeper] com.zaxxer.hikari.pool.HikariPool        : HikariPool-1 - Thread starvation or clock leap detected (housekeeper delta=56m33s538ms165µs200ns).
2026-06-17T03:34:33.464+05:30  WARN 39132 --- [hospital-management-system] [l-1 housekeeper] com.zaxxer.hikari.pool.HikariPool        : HikariPool-1 - Thread starvation or clock leap detected (housekeeper delta=1h21m27s217ms455µs300ns).
2026-06-17T06:30:18.156+05:30  WARN 39132 --- [hospital-management-system] [l-1 housekeeper] com.zaxxer.hikari.pool.HikariPool        : HikariPool-1 - Thread starvation or clock leap detected (housekeeper delta=2h55m44s692ms587µs800ns).
2026-06-17T09:53:17.463+05:30  WARN 39132 --- [hospital-management-system] [l-1 housekeeper] com.zaxxer.hikari.pool.HikariPool        : HikariPool-1 - Thread starvation or clock leap detected (housekeeper delta=3h22m59s306ms317µs600ns).
2026-06-17T11:10:44.540+05:30  WARN 39132 --- [hospital-management-system] [l-1 housekeeper] com.zaxxer.hikari.pool.HikariPool        : HikariPool-1 - Thread starvation or clock leap detected (housekeeper delta=1h17m27s76ms770µs200ns).
2026-06-17T12:53:11.718+05:30  WARN 39132 --- [hospital-management-system] [l-1 housekeeper] com.zaxxer.hikari.pool.HikariPool        : HikariPool-1 - Thread starvation or clock leap detected (housekeeper delta=1h56s541ms319µs100ns).
2026-06-17T13:17:06.440+05:30  WARN 39132 --- [hospital-management-system] [l-1 housekeeper] com.zaxxer.hikari.pool.HikariPool        : HikariPool-1 - Thread starvation or clock leap detected (housekeeper delta=22m21s983ms887µs300ns).
2026-06-17T13:51:19.267+05:30  WARN 39132 --- [hospital-management-system] [l-1 housekeeper] com.zaxxer.hikari.pool.HikariPool        : HikariPool-1 - Thread starvation or clock leap detected (housekeeper delta=34m12s826ms761µs500ns).
2026-06-17T14:24:27.652+05:30  WARN 39132 --- [hospital-management-system] [l-1 housekeeper] com.zaxxer.hikari.pool.HikariPool        : HikariPool-1 - Thread starvation or clock leap detected (housekeeper delta=14m8s91ms494µs400ns).
2026-06-17T14:57:59.868+05:30  WARN 39132 --- [hospital-management-system] [l-1 housekeeper] com.zaxxer.hikari.pool.HikariPool        : HikariPool-1 - Thread starvation or clock leap detected (housekeeper delta=12m31s857ms957µs500ns).
2026-06-17T15:11:33.381+05:30  WARN 39132 --- [hospital-management-system] [l-1 housekeeper] com.zaxxer.hikari.pool.HikariPool        : HikariPool-1 - Thread starvation or clock leap detected (housekeeper delta=13m33s512ms706µs900ns).
2026-06-17T16:21:40.787+05:30  WARN 39132 --- [hospital-management-system] [l-1 housekeeper] com.zaxxer.hikari.pool.HikariPool        : HikariPool-1 - Thread starvation or clock leap detected (housekeeper delta=1h10m7s406ms470µs).
2026-06-17T17:49:11.066+05:30  WARN 39132 --- [hospital-management-system] [l-1 housekeeper] com.zaxxer.hikari.pool.HikariPool        : HikariPool-1 - Thread starvation or clock leap detected (housekeeper delta=1h27m30s278ms804µs500ns).
2026-06-17T18:10:08.811+05:30  WARN 39132 --- [hospital-management-system] [l-1 housekeeper] com.zaxxer.hikari.pool.HikariPool        : HikariPool-1 - Thread starvation or clock leap detected (housekeeper delta=20m57s745ms180µs200ns).
2026-06-17T19:08:56.054+05:30  WARN 39132 --- [hospital-management-system] [l-1 housekeeper] com.zaxxer.hikari.pool.HikariPool        : HikariPool-1 - Thread starvation or clock leap detected (housekeeper delta=51m47s131ms327µs400ns).
2026-06-17T20:07:26.947+05:30  WARN 39132 --- [hospital-management-system] [l-1 housekeeper] com.zaxxer.hikari.pool.HikariPool        : HikariPool-1 - Thread starvation or clock leap detected (housekeeper delta=58m30s892ms689µs300ns).
2026-06-17T21:18:28.463+05:30  WARN 39132 --- [hospital-management-system] [l-1 housekeeper] com.zaxxer.hikari.pool.HikariPool        : HikariPool-1 - Thread starvation or clock leap detected (housekeeper delta=45m31s98ms878µs800ns).
2026-06-17T22:28:41.320+05:30  WARN 39132 --- [hospital-management-system] [l-1 housekeeper] com.zaxxer.hikari.pool.HikariPool        : HikariPool-1 - Thread starvation or clock leap detected (housekeeper delta=1h5m12s756ms787µs100ns).
2026-06-17T22:54:56.001+05:30  WARN 39132 --- [hospital-management-system] [l-1 housekeeper] com.zaxxer.hikari.pool.HikariPool        : HikariPool-1 - Thread starvation or clock leap detected (housekeeper delta=20m14s587ms515µs900ns).
2026-06-17T23:08:50.656+05:30  WARN 39132 --- [hospital-management-system] [l-1 housekeeper] com.zaxxer.hikari.pool.HikariPool        : HikariPool-1 - Thread starvation or clock leap detected (housekeeper delta=8m54s562ms699µs200ns).
2026-06-17T23:37:30.009+05:30  WARN 39132 --- [hospital-management-system] [l-1 housekeeper] com.zaxxer.hikari.pool.HikariPool        : HikariPool-1 - Thread starvation or clock leap detected (housekeeper delta=22m39s246ms474µs200ns).
2026-06-18T01:09:27.076+05:30  WARN 39132 --- [hospital-management-system] [l-1 housekeeper] com.zaxxer.hikari.pool.HikariPool        : HikariPool-1 - Thread starvation or clock leap detected (housekeeper delta=1h7m56s646ms914µs600ns).
2026-06-18T03:10:14.159+05:30  WARN 39132 --- [hospital-management-system] [l-1 housekeeper] com.zaxxer.hikari.pool.HikariPool        : HikariPool-1 - Thread starvation or clock leap detected (housekeeper delta=1h58m16s21ms947µs600ns).
2026-06-18T05:20:08.712+05:30  WARN 39132 --- [hospital-management-system] [l-1 housekeeper] com.zaxxer.hikari.pool.HikariPool        : HikariPool-1 - Thread starvation or clock leap detected (housekeeper delta=2h9m54s553ms484µs).
2026-06-18T05:53:27.730+05:30  WARN 39132 --- [hospital-management-system] [l-1 housekeeper] com.zaxxer.hikari.pool.HikariPool        : HikariPool-1 - Thread starvation or clock leap detected (housekeeper delta=33m19s18ms292µs200ns).
2026-06-18T09:02:56.108+05:30  WARN 39132 --- [hospital-management-system] [l-1 housekeeper] com.zaxxer.hikari.pool.HikariPool        : HikariPool-1 - Thread starvation or clock leap detected (housekeeper delta=3h9m28s378ms144µs300ns).
2026-06-18T10:33:26.145+05:30  WARN 39132 --- [hospital-management-system] [l-1 housekeeper] com.zaxxer.hikari.pool.HikariPool        : HikariPool-1 - Thread starvation or clock leap detected (housekeeper delta=1h30m30s36ms973µs200ns).
2026-06-18T10:49:15.209+05:30  WARN 39132 --- [hospital-management-system] [l-1 housekeeper] com.zaxxer.hikari.pool.HikariPool        : HikariPool-1 - Thread starvation or clock leap detected (housekeeper delta=1m18s844ms43µs300ns).
2026-06-18T11:09:48.828+05:30  WARN 39132 --- [hospital-management-system] [l-1 housekeeper] com.zaxxer.hikari.pool.HikariPool        : HikariPool-1 - Thread starvation or clock leap detected (housekeeper delta=13m33s503ms802µs600ns).
2026-06-18T12:07:09.581+05:30  WARN 39132 --- [hospital-management-system] [l-1 housekeeper] com.zaxxer.hikari.pool.HikariPool        : HikariPool-1 - Thread starvation or clock leap detected (housekeeper delta=50m50s641ms570µs900ns).
2026-06-18T13:26:59.198+05:30  WARN 39132 --- [hospital-management-system] [l-1 housekeeper] com.zaxxer.hikari.pool.HikariPool        : HikariPool-1 - Thread starvation or clock leap detected (housekeeper delta=1h8m19s425ms39µs300ns).
2026-06-18T15:10:17.388+05:30  WARN 39132 --- [hospital-management-system] [l-1 housekeeper] com.zaxxer.hikari.pool.HikariPool        : HikariPool-1 - Thread starvation or clock leap detected (housekeeper delta=1h37m48s74ms560µs700ns).
2026-06-18T15:40:10.291+05:30  WARN 39132 --- [hospital-management-system] [l-1 housekeeper] com.zaxxer.hikari.pool.HikariPool        : HikariPool-1 - Thread starvation or clock leap detected (housekeeper delta=29m52s902ms298µs).
2026-06-18T16:14:00.317+05:30  WARN 39132 --- [hospital-management-system] [l-1 housekeeper] com.zaxxer.hikari.pool.HikariPool        : HikariPool-1 - Thread starvation or clock leap detected (housekeeper delta=15m49s745ms617µs900ns).
2026-06-18T17:32:37.296+05:30  WARN 39132 --- [hospital-management-system] [l-1 housekeeper] com.zaxxer.hikari.pool.HikariPool        : HikariPool-1 - Thread starvation or clock leap detected (housekeeper delta=1h9m6s797ms127µs700ns).
2026-06-18T18:19:17.975+05:30  WARN 39132 --- [hospital-management-system] [l-1 housekeeper] com.zaxxer.hikari.pool.HikariPool        : HikariPool-1 - Thread starvation or clock leap detected (housekeeper delta=41m40s586ms820µs100ns).
2026-06-18T19:40:20.280+05:30  WARN 39132 --- [hospital-management-system] [l-1 housekeeper] com.zaxxer.hikari.pool.HikariPool        : HikariPool-1 - Thread starvation or clock leap detected (housekeeper delta=49m1s870ms242µs).
2026-06-18T21:36:49.518+05:30  WARN 39132 --- [hospital-management-system] [l-1 housekeeper] com.zaxxer.hikari.pool.HikariPool        : HikariPool-1 - Thread starvation or clock leap detected (housekeeper delta=1h56m29s237ms479µs).
2026-06-18T22:25:57.005+05:30  WARN 39132 --- [hospital-management-system] [l-1 housekeeper] com.zaxxer.hikari.pool.HikariPool        : HikariPool-1 - Thread starvation or clock leap detected (housekeeper delta=18m37s30ms451µs900ns).
2026-06-18T22:57:31.558+05:30  WARN 39132 --- [hospital-management-system] [l-1 housekeeper] com.zaxxer.hikari.pool.HikariPool        : HikariPool-1 - Thread starvation or clock leap detected (housekeeper delta=24m34s464ms580µs100ns).
2026-06-18T23:19:30.853+05:30  WARN 39132 --- [hospital-management-system] [l-1 housekeeper] com.zaxxer.hikari.pool.HikariPool        : HikariPool-1 - Thread starvation or clock leap detected (housekeeper delta=16m59s218ms663µs100ns).
2026-06-19T00:37:00.874+05:30  WARN 39132 --- [hospital-management-system] [l-1 housekeeper] com.zaxxer.hikari.pool.HikariPool        : HikariPool-1 - Thread starvation or clock leap detected (housekeeper delta=49m59s653ms455µs300ns).
2026-06-19T01:33:34.346+05:30  WARN 39132 --- [hospital-management-system] [l-1 housekeeper] com.zaxxer.hikari.pool.HikariPool        : HikariPool-1 - Thread starvation or clock leap detected (housekeeper delta=56m33s471ms478µs800ns).
2026-06-19T02:16:14.559+05:30  WARN 39132 --- [hospital-management-system] [l-1 housekeeper] com.zaxxer.hikari.pool.HikariPool        : HikariPool-1 - Thread starvation or clock leap detected (housekeeper delta=40m8s150ms779µs900ns).
2026-06-19T05:05:40.729+05:30  WARN 39132 --- [hospital-management-system] [l-1 housekeeper] com.zaxxer.hikari.pool.HikariPool        : HikariPool-1 - Thread starvation or clock leap detected (housekeeper delta=2h48m26s155ms901µs600ns).
2026-06-19T06:46:02.256+05:30  WARN 39132 --- [hospital-management-system] [l-1 housekeeper] com.zaxxer.hikari.pool.HikariPool        : HikariPool-1 - Thread starvation or clock leap detected (housekeeper delta=1h40m21s527ms482µs600ns).
2026-06-19T07:27:42.557+05:30  WARN 39132 --- [hospital-management-system] [l-1 housekeeper] com.zaxxer.hikari.pool.HikariPool        : HikariPool-1 - Thread starvation or clock leap detected (housekeeper delta=41m40s301ms79µs200ns).
2026-06-19T11:26:14.572+05:30  WARN 39132 --- [hospital-management-system] [l-1 housekeeper] com.zaxxer.hikari.pool.HikariPool        : HikariPool-1 - Thread starvation or clock leap detected (housekeeper delta=3h52m31s948ms175µs100ns).
2026-06-19T11:52:36.515+05:30  WARN 39132 --- [hospital-management-system] [l-1 housekeeper] com.zaxxer.hikari.pool.HikariPool        : HikariPool-1 - Thread starvation or clock leap detected (housekeeper delta=26m21s943ms447µs100ns).
2026-06-19T12:20:55.538+05:30  WARN 39132 --- [hospital-management-system] [l-1 housekeeper] com.zaxxer.hikari.pool.HikariPool        : HikariPool-1 - Thread starvation or clock leap detected (housekeeper delta=28m19s23ms150µs200ns).
2026-06-19T13:29:01.177+05:30  WARN 39132 --- [hospital-management-system] [l-1 housekeeper] com.zaxxer.hikari.pool.HikariPool        : HikariPool-1 - Thread starvation or clock leap detected (housekeeper delta=57m5s471ms386µs300ns).
2026-06-19T13:59:32.591+05:30  WARN 39132 --- [hospital-management-system] [l-1 housekeeper] com.zaxxer.hikari.pool.HikariPool        : HikariPool-1 - Thread starvation or clock leap detected (housekeeper delta=30m31s414ms472µs700ns).
2026-06-19T14:19:30.296+05:30  WARN 39132 --- [hospital-management-system] [l-1 housekeeper] com.zaxxer.hikari.pool.HikariPool        : HikariPool-1 - Thread starvation or clock leap detected (housekeeper delta=19m57s704ms543µs900ns).
2026-06-19T18:14:27.995+05:30  WARN 39132 --- [hospital-management-system] [l-1 housekeeper] com.zaxxer.hikari.pool.HikariPool        : HikariPool-1 - Thread starvation or clock leap detected (housekeeper delta=1h22m55s320ms293µs500ns).
2026-06-19T18:43:20.851+05:30  WARN 39132 --- [hospital-management-system] [l-1 housekeeper] com.zaxxer.hikari.pool.HikariPool        : HikariPool-1 - Thread starvation or clock leap detected (housekeeper delta=28m52s857ms594µs700ns).
2026-06-19T18:59:47.535+05:30  WARN 39132 --- [hospital-management-system] [l-1 housekeeper] com.zaxxer.hikari.pool.HikariPool        : HikariPool-1 - Thread starvation or clock leap detected (housekeeper delta=1m26s432ms527µs900ns).
2026-06-19T21:23:48.504+05:30  WARN 39132 --- [hospital-management-system] [l-1 housekeeper] com.zaxxer.hikari.pool.HikariPool        : HikariPool-1 - Thread starvation or clock leap detected (housekeeper delta=2h13m784ms723µs100ns).
2026-06-19T22:57:13.683+05:30  WARN 39132 --- [hospital-management-system] [l-1 housekeeper] com.zaxxer.hikari.pool.HikariPool        : HikariPool-1 - Thread starvation or clock leap detected (housekeeper delta=28m24s452ms126µs700ns).
2026-06-20T00:28:01.700+05:30  WARN 39132 --- [hospital-management-system] [l-1 housekeeper] com.zaxxer.hikari.pool.HikariPool        : HikariPool-1 - Thread starvation or clock leap detected (housekeeper delta=1h22m47s859ms398µs300ns).
2026-06-20T00:34:58.241+05:30  WARN 39132 --- [hospital-management-system] [l-1 housekeeper] com.zaxxer.hikari.pool.HikariPool        : HikariPool-1 - Thread starvation or clock leap detected (housekeeper delta=6m56s541ms842µs100ns).
2026-06-20T01:32:09.968+05:30  WARN 39132 --- [hospital-management-system] [l-1 housekeeper] com.zaxxer.hikari.pool.HikariPool        : HikariPool-1 - Thread starvation or clock leap detected (housekeeper delta=52m11s633ms708µs).
2026-06-20T04:50:46.927+05:30  WARN 39132 --- [hospital-management-system] [l-1 housekeeper] com.zaxxer.hikari.pool.HikariPool        : HikariPool-1 - Thread starvation or clock leap detected (housekeeper delta=3h11m36s816ms855µs).
2026-06-20T07:06:22.800+05:30  WARN 39132 --- [hospital-management-system] [l-1 housekeeper] com.zaxxer.hikari.pool.HikariPool        : HikariPool-1 - Thread starvation or clock leap detected (housekeeper delta=2h14m35s835ms583µs400ns).
2026-06-20T11:17:18.246+05:30  WARN 39132 --- [hospital-management-system] [l-1 housekeeper] com.zaxxer.hikari.pool.HikariPool        : HikariPool-1 - Thread starvation or clock leap detected (housekeeper delta=4h10m55s446ms141µs400ns).
2026-06-20T13:27:08.810+05:30  WARN 39132 --- [hospital-management-system] [l-1 housekeeper] com.zaxxer.hikari.pool.HikariPool        : HikariPool-1 - Thread starvation or clock leap detected (housekeeper delta=1h22m49s787ms692µs500ns).
2026-06-20T14:07:18.601+05:30  WARN 39132 --- [hospital-management-system] [l-1 housekeeper] com.zaxxer.hikari.pool.HikariPool        : HikariPool-1 - Thread starvation or clock leap detected (housekeeper delta=40m9s790ms537µs700ns).
2026-06-20T15:13:12.943+05:30  WARN 39132 --- [hospital-management-system] [l-1 housekeeper] com.zaxxer.hikari.pool.HikariPool        : HikariPool-1 - Thread starvation or clock leap detected (housekeeper delta=58m24s228ms910µs).
2026-06-20T15:44:42.492+05:30  WARN 39132 --- [hospital-management-system] [l-1 housekeeper] com.zaxxer.hikari.pool.HikariPool        : HikariPool-1 - Thread starvation or clock leap detected (housekeeper delta=31m29s548ms838µs300ns).
2026-06-20T16:02:54.812+05:30  WARN 39132 --- [hospital-management-system] [l-1 housekeeper] com.zaxxer.hikari.pool.HikariPool        : HikariPool-1 - Thread starvation or clock leap detected (housekeeper delta=18m12s320ms282µs300ns).
2026-06-20T16:53:01.741+05:30  WARN 39132 --- [hospital-management-system] [l-1 housekeeper] com.zaxxer.hikari.pool.HikariPool        : HikariPool-1 - Thread starvation or clock leap detected (housekeeper delta=13m6s412ms636µs800ns).
2026-06-20T17:30:23.047+05:30  WARN 39132 --- [hospital-management-system] [l-1 housekeeper] com.zaxxer.hikari.pool.HikariPool        : HikariPool-1 - Thread starvation or clock leap detected (housekeeper delta=36m51s296ms792µs200ns).
2026-06-20T20:15:03.909+05:30  WARN 39132 --- [hospital-management-system] [l-1 housekeeper] com.zaxxer.hikari.pool.HikariPool        : HikariPool-1 - Thread starvation or clock leap detected (housekeeper delta=2h44m40s862ms886µs800ns).
2026-06-20T21:33:25.088+05:30  WARN 39132 --- [hospital-management-system] [l-1 housekeeper] com.zaxxer.hikari.pool.HikariPool        : HikariPool-1 - Thread starvation or clock leap detected (housekeeper delta=1h18m21s178ms309µs).
2026-06-20T21:39:30.384+05:30  WARN 39132 --- [hospital-management-system] [l-1 housekeeper] com.zaxxer.hikari.pool.HikariPool        : HikariPool-1 - Thread starvation or clock leap detected (housekeeper delta=1m5s212ms929µs600ns).
2026-06-20T22:34:38.524+05:30  WARN 39132 --- [hospital-management-system] [l-1 housekeeper] com.zaxxer.hikari.pool.HikariPool        : HikariPool-1 - Thread starvation or clock leap detected (housekeeper delta=42m37s908ms46µs100ns).
2026-06-20T23:27:21.139+05:30  WARN 39132 --- [hospital-management-system] [l-1 housekeeper] com.zaxxer.hikari.pool.HikariPool        : HikariPool-1 - Thread starvation or clock leap detected (housekeeper delta=46m42s515ms979µs).
2026-06-21T00:04:24.441+05:30  WARN 39132 --- [hospital-management-system] [l-1 housekeeper] com.zaxxer.hikari.pool.HikariPool        : HikariPool-1 - Thread starvation or clock leap detected (housekeeper delta=24m3s87ms765µs).
2026-06-21T01:19:26.237+05:30  WARN 39132 --- [hospital-management-system] [l-1 housekeeper] com.zaxxer.hikari.pool.HikariPool        : HikariPool-1 - Thread starvation or clock leap detected (housekeeper delta=1h15m1s780ms472µs700ns).
2026-06-21T01:21:02.028+05:30  WARN 39132 --- [hospital-management-system] [l-1 housekeeper] com.zaxxer.hikari.pool.HikariPool        : HikariPool-1 - Thread starvation or clock leap detected (housekeeper delta=1m35s805ms880µs700ns).
2026-06-21T02:12:52.578+05:30  WARN 39132 --- [hospital-management-system] [l-1 housekeeper] com.zaxxer.hikari.pool.HikariPool        : HikariPool-1 - Thread starvation or clock leap detected (housekeeper delta=49m47s437ms460µs100ns).
2026-06-21T06:41:39.171+05:30  WARN 39132 --- [hospital-management-system] [l-1 housekeeper] com.zaxxer.hikari.pool.HikariPool        : HikariPool-1 - Thread starvation or clock leap detected (housekeeper delta=2h53m15s7ms293µs500ns).
2026-06-21T10:35:39.507+05:30  WARN 39132 --- [hospital-management-system] [l-1 housekeeper] com.zaxxer.hikari.pool.HikariPool        : HikariPool-1 - Thread starvation or clock leap detected (housekeeper delta=3h53m30s322ms125µs700ns).
2026-06-21T12:26:12.287+05:30  WARN 39132 --- [hospital-management-system] [l-1 housekeeper] com.zaxxer.hikari.pool.HikariPool        : HikariPool-1 - Thread starvation or clock leap detected (housekeeper delta=1h50m32s779ms863µs).
2026-06-21T13:10:02.890+05:30  WARN 39132 --- [hospital-management-system] [l-1 housekeeper] com.zaxxer.hikari.pool.HikariPool        : HikariPool-1 - Thread starvation or clock leap detected (housekeeper delta=38m50s511ms913µs400ns).
2026-06-21T13:30:36.541+05:30  WARN 39132 --- [hospital-management-system] [l-1 housekeeper] com.zaxxer.hikari.pool.HikariPool        : HikariPool-1 - Thread starvation or clock leap detected (housekeeper delta=16m3s559ms156µs100ns).
2026-06-21T13:59:14.075+05:30  WARN 39132 --- [hospital-management-system] [l-1 housekeeper] com.zaxxer.hikari.pool.HikariPool        : HikariPool-1 - Thread starvation or clock leap detected (housekeeper delta=2m7s116ms817µs100ns).
2026-06-21T14:22:33.915+05:30  WARN 39132 --- [hospital-management-system] [l-1 housekeeper] com.zaxxer.hikari.pool.HikariPool        : HikariPool-1 - Thread starvation or clock leap detected (housekeeper delta=18m49s758ms280µs700ns).
2026-06-21T15:17:41.605+05:30  WARN 39132 --- [hospital-management-system] [l-1 housekeeper] com.zaxxer.hikari.pool.HikariPool        : HikariPool-1 - Thread starvation or clock leap detected (housekeeper delta=52m37s659ms348µs700ns).
2026-06-21T15:43:20.937+05:30  WARN 39132 --- [hospital-management-system] [l-1 housekeeper] com.zaxxer.hikari.pool.HikariPool        : HikariPool-1 - Thread starvation or clock leap detected (housekeeper delta=18m39s217ms49µs700ns).
2026-06-21T20:48:29.579+05:30  WARN 39132 --- [hospital-management-system] [l-1 housekeeper] com.zaxxer.hikari.pool.HikariPool        : HikariPool-1 - Thread starvation or clock leap detected (housekeeper delta=5h5m8s641ms487µs900ns).
2026-06-21T23:09:46.486+05:30  WARN 39132 --- [hospital-management-system] [l-1 housekeeper] com.zaxxer.hikari.pool.HikariPool        : HikariPool-1 - Thread starvation or clock leap detected (housekeeper delta=1h16s133ms548µs200ns).
2026-06-21T23:37:51.416+05:30  WARN 39132 --- [hospital-management-system] [l-1 housekeeper] com.zaxxer.hikari.pool.HikariPool        : HikariPool-1 - Thread starvation or clock leap detected (housekeeper delta=26m34s906ms357µs).
2026-06-22T13:03:25.446+05:30  WARN 39132 --- [hospital-management-system] [l-1 housekeeper] com.zaxxer.hikari.pool.HikariPool        : HikariPool-1 - Thread starvation or clock leap detected (housekeeper delta=13h25m34s30ms493µs500ns).
2026-06-22T13:25:40.522+05:30  WARN 39132 --- [hospital-management-system] [l-1 housekeeper] com.zaxxer.hikari.pool.HikariPool        : HikariPool-1 - Thread starvation or clock leap detected (housekeeper delta=2m44s718ms236µs600ns).
2026-06-22T13:58:29.590+05:30  WARN 39132 --- [hospital-management-system] [l-1 housekeeper] com.zaxxer.hikari.pool.HikariPool        : HikariPool-1 - Thread starvation or clock leap detected (housekeeper delta=6m18s649ms15µs400ns).
2026-06-22T15:30:14.181+05:30  WARN 39132 --- [hospital-management-system] [l-1 housekeeper] com.zaxxer.hikari.pool.HikariPool        : HikariPool-1 - Thread starvation or clock leap detected (housekeeper delta=1h26m14s506ms373µs700ns).
2026-06-22T17:13:22.192+05:30  WARN 39132 --- [hospital-management-system] [l-1 housekeeper] com.zaxxer.hikari.pool.HikariPool        : HikariPool-1 - Thread starvation or clock leap detected (housekeeper delta=1h5m37s435ms344µs400ns).
2026-06-22T19:50:57.639+05:30  WARN 39132 --- [hospital-management-system] [l-1 housekeeper] com.zaxxer.hikari.pool.HikariPool        : HikariPool-1 - Thread starvation or clock leap detected (housekeeper delta=2h24m35s231ms243µs800ns).
2026-06-22T20:19:40.734+05:30  WARN 39132 --- [hospital-management-system] [l-1 housekeeper] com.zaxxer.hikari.pool.HikariPool        : HikariPool-1 - Thread starvation or clock leap detected (housekeeper delta=8m11s289ms103µs400ns).
